2/21/2017 2:04:22 PM:371,0.2815217,0.7036802,0.8280002,343.5432,70.62434,337.9833,LeftController
2/21/2017 2:04:22 PM:401,0.2813238,0.7036462,0.8280883,343.5277,70.63235,337.9798,LeftController
2/21/2017 2:04:22 PM:465,0.2815065,0.7038903,0.8278587,343.5291,70.63091,337.975,LeftController
2/21/2017 2:04:22 PM:512,0.2814518,0.7038561,0.8280864,343.5268,70.63793,337.978,LeftController
2/21/2017 2:04:22 PM:545,0.2812638,0.7037865,0.8280261,343.5214,70.64165,337.9783,LeftController
2/21/2017 2:04:22 PM:579,0.2812589,0.7037144,0.8278823,343.5189,70.63741,337.9706,LeftController
2/21/2017 2:04:22 PM:612,0.2814496,0.7038012,0.8279709,343.5261,70.63341,337.9797,LeftController
2/21/2017 2:04:22 PM:646,0.2811939,0.7037058,0.82786,343.5142,70.63866,337.9716,LeftController
2/21/2017 2:04:22 PM:680,0.2813506,0.7038014,0.8279209,343.5206,70.63882,337.9789,LeftController
2/21/2017 2:04:22 PM:713,0.2812116,0.7037517,0.8279879,343.5097,70.64286,337.9782,LeftController
2/21/2017 2:04:22 PM:747,0.2813432,0.7039284,0.8279814,343.5222,70.63869,337.9794,LeftController
2/21/2017 2:04:22 PM:780,0.2812794,0.7037787,0.8279855,343.5167,70.63519,337.9773,LeftController
2/21/2017 2:04:22 PM:814,0.2813071,0.7035857,0.8280377,343.5182,70.63531,337.9807,LeftController
2/21/2017 2:04:22 PM:854,0.2813026,0.7036461,0.8279861,343.5153,70.63862,337.9741,LeftController
2/21/2017 2:04:22 PM:885,0.2812333,0.7036422,0.8280352,343.5123,70.63647,337.9748,LeftController
2/21/2017 2:04:22 PM:914,0.2813978,0.7038394,0.8279817,343.5202,70.63796,337.9678,LeftController
2/21/2017 2:04:22 PM:948,0.2814431,0.7037352,0.8279502,343.5172,70.63635,337.9675,LeftController
2/21/2017 2:04:22 PM:981,0.2813981,0.7036223,0.8281028,343.513,70.6438,337.9706,LeftController
2/21/2017 2:04:23 PM:15,0.2814492,0.7036842,0.8280213,343.5159,70.64029,337.9634,LeftController
2/21/2017 2:04:23 PM:48,0.281445,0.7038306,0.8279827,343.5104,70.64717,337.9667,LeftController
2/21/2017 2:04:23 PM:82,0.2814308,0.7039101,0.828005,343.5064,70.64627,337.9695,LeftController
2/21/2017 2:04:23 PM:115,0.2813807,0.7037519,0.8278664,343.4989,70.65148,337.9566,LeftController
2/21/2017 2:04:23 PM:149,0.2814809,0.7037799,0.8280073,343.5064,70.65652,337.9661,LeftController
2/21/2017 2:04:23 PM:188,0.281462,0.7037004,0.8280444,343.5081,70.65215,337.9655,LeftController
2/21/2017 2:04:23 PM:219,0.2813735,0.7036933,0.8280324,343.5027,70.66076,337.9648,LeftController
2/21/2017 2:04:23 PM:249,0.2813501,0.7037472,0.8280572,343.5078,70.65845,337.9648,LeftController
2/21/2017 2:04:23 PM:283,0.281401,0.7036084,0.8280251,343.5073,70.65865,337.9641,LeftController
2/21/2017 2:04:23 PM:319,0.2812324,0.7035863,0.8279221,343.4899,70.65182,337.9619,LeftController
2/21/2017 2:04:23 PM:350,0.2812108,0.7037086,0.8279798,343.4964,70.65355,337.9605,LeftController
2/21/2017 2:04:23 PM:385,0.2813072,0.7038764,0.8279674,343.5065,70.65559,337.9628,LeftController
2/21/2017 2:04:23 PM:429,0.2813426,0.7038902,0.8280104,343.5046,70.6581,337.9612,LeftController
2/21/2017 2:04:23 PM:463,0.28141,0.7036165,0.8278377,343.5002,70.64978,337.9582,LeftController
2/21/2017 2:04:23 PM:522,0.2813845,0.7035365,0.8279183,343.4999,70.65304,337.9612,LeftController
2/21/2017 2:04:23 PM:573,0.2813994,0.7036661,0.827854,343.4958,70.64323,337.962,LeftController
2/21/2017 2:04:23 PM:612,0.2813988,0.7038556,0.8278553,343.4962,70.64656,337.961,LeftController
2/21/2017 2:04:23 PM:646,0.2811738,0.7037492,0.8281145,343.4927,70.65171,337.968,LeftController
2/21/2017 2:04:23 PM:676,0.2812967,0.7039671,0.8280926,343.4935,70.64779,337.9661,LeftController
2/21/2017 2:04:23 PM:708,0.2813344,0.7036959,0.828185,343.4999,70.65013,337.9633,LeftController
2/21/2017 2:04:23 PM:741,0.2813715,0.7037873,0.8280778,343.4984,70.65669,337.957,LeftController
2/21/2017 2:04:23 PM:776,0.28126,0.7036777,0.8279318,343.4883,70.65265,337.9554,LeftController
2/21/2017 2:04:23 PM:809,0.2815692,0.7038385,0.8278277,343.4925,70.64987,337.9495,LeftController
2/21/2017 2:04:23 PM:848,0.2815738,0.7036735,0.8277855,343.489,70.64411,337.9551,LeftController
2/21/2017 2:04:23 PM:886,0.2816346,0.7035673,0.8278975,343.4863,70.64478,337.9545,LeftController
2/21/2017 2:04:23 PM:946,0.2815726,0.703795,0.8279651,343.4803,70.64456,337.9571,LeftController
2/21/2017 2:04:23 PM:999,0.2814021,0.7037542,0.8281204,343.4707,70.65186,337.9615,LeftController
2/21/2017 2:04:24 PM:37,0.2812631,0.7037318,0.828061,343.4578,70.65802,337.9575,LeftController
2/21/2017 2:04:24 PM:91,0.2813174,0.7036345,0.8280078,343.4634,70.65891,337.9517,LeftController
2/21/2017 2:04:24 PM:144,0.2815604,0.7037284,0.8279893,343.4736,70.64888,337.9547,LeftController
2/21/2017 2:04:24 PM:177,0.281553,0.7037352,0.8280205,343.4684,70.64928,337.9494,LeftController
2/21/2017 2:04:24 PM:211,0.2815869,0.7037354,0.8279492,343.4642,70.64632,337.9482,LeftController
2/21/2017 2:04:24 PM:244,0.2815858,0.7036701,0.8278637,343.457,70.64548,337.9441,LeftController
2/21/2017 2:04:24 PM:279,0.281353,0.7035972,0.8280489,343.4465,70.65816,337.9482,LeftController
2/21/2017 2:04:24 PM:311,0.281374,0.7038257,0.8281078,343.4538,70.65419,337.9485,LeftController
2/21/2017 2:04:24 PM:344,0.2822285,0.7028273,0.828184,343.4874,70.64569,337.946,LeftController
2/21/2017 2:04:24 PM:378,0.2825615,0.7027739,0.8282834,343.4954,70.64221,337.9432,LeftController
2/21/2017 2:04:24 PM:421,0.2827511,0.7025815,0.8284223,343.4887,70.6459,337.9464,LeftController
2/21/2017 2:04:24 PM:456,0.283169,0.7025882,0.8287168,343.4969,70.65119,337.9511,LeftController
2/21/2017 2:04:24 PM:516,0.2834263,0.7021817,0.8290331,343.4818,70.65478,337.9551,LeftController
2/21/2017 2:04:24 PM:569,0.2836728,0.7019653,0.828913,343.4683,70.66326,337.9472,LeftController
2/21/2017 2:04:24 PM:601,0.2837209,0.7019292,0.8290287,343.4683,70.67105,337.9572,LeftController
2/21/2017 2:04:24 PM:635,0.2838174,0.7017328,0.8289059,343.4578,70.67194,337.9409,LeftController
2/21/2017 2:04:24 PM:668,0.2839843,0.7017599,0.8291091,343.4601,70.6646,337.9504,LeftController
2/21/2017 2:04:24 PM:702,0.2840596,0.7017606,0.8290886,343.4591,70.67794,337.9541,LeftController
2/21/2017 2:04:24 PM:736,0.2840984,0.7017866,0.8292489,343.4496,70.67122,337.9601,LeftController
2/21/2017 2:04:24 PM:769,0.2839409,0.7018036,0.8291337,343.4422,70.67994,337.9565,LeftController
2/21/2017 2:04:24 PM:803,0.2837963,0.7019038,0.8289604,343.4366,70.69204,337.9568,LeftController
2/21/2017 2:04:24 PM:843,0.2838275,0.7020165,0.828805,343.4344,70.68333,337.9493,LeftController
2/21/2017 2:04:24 PM:881,0.2834073,0.7020773,0.8287997,343.4109,70.7009,337.9627,LeftController
2/21/2017 2:04:24 PM:941,0.283227,0.7024393,0.8287917,343.4118,70.69157,337.969,LeftController
2/21/2017 2:04:24 PM:993,0.2826176,0.7028023,0.8283228,343.4003,70.70775,337.9433,LeftController
2/21/2017 2:04:25 PM:28,0.2824131,0.702979,0.8283085,343.3903,70.70686,337.9572,LeftController
2/21/2017 2:04:25 PM:64,0.2821431,0.7032824,0.8281063,343.3911,70.70298,337.9544,LeftController
2/21/2017 2:04:25 PM:98,0.2820759,0.7034416,0.8283,343.3944,70.70213,337.9659,LeftController
2/21/2017 2:04:25 PM:132,0.2816627,0.7037069,0.8281834,343.3876,70.71144,337.9585,LeftController
2/21/2017 2:04:25 PM:165,0.2811899,0.7040546,0.8279107,343.3828,70.71303,337.9501,LeftController
2/21/2017 2:04:25 PM:220,0.2808487,0.7043754,0.8277975,343.3786,70.70985,337.9447,LeftController
2/21/2017 2:04:25 PM:273,0.2803166,0.7047392,0.8275949,343.3643,70.70527,337.9385,LeftController
2/21/2017 2:04:25 PM:318,0.2800952,0.7049692,0.8273964,343.3604,70.70989,337.9338,LeftController
2/21/2017 2:04:25 PM:377,0.2791901,0.7052761,0.8268865,343.341,70.70997,337.9192,LeftController
2/21/2017 2:04:25 PM:430,0.2792376,0.7051166,0.8269842,343.3409,70.71055,337.9183,LeftController
2/21/2017 2:04:25 PM:466,0.2792121,0.7051828,0.8269949,343.3445,70.70625,337.9167,LeftController
2/21/2017 2:04:25 PM:501,0.2792877,0.7052987,0.8267597,343.3489,70.70161,337.9102,LeftController
2/21/2017 2:04:25 PM:540,0.2792308,0.7055476,0.8265445,343.3534,70.69019,337.907,LeftController
2/21/2017 2:04:25 PM:600,0.2793041,0.7052804,0.8270867,343.3541,70.69476,337.9234,LeftController
2/21/2017 2:04:25 PM:657,0.2811378,0.7040135,0.8278472,343.3653,70.70852,337.9337,LeftController
2/21/2017 2:04:25 PM:695,0.2807111,0.7040714,0.8275164,343.3578,70.71938,337.9316,LeftController
2/21/2017 2:04:25 PM:745,0.2806563,0.7039641,0.8273023,343.4729,70.75967,337.9925,LeftController
2/21/2017 2:04:25 PM:818,0.2810789,0.7040321,0.8279345,343.7899,70.51683,338.0658,LeftController
2/21/2017 2:04:25 PM:872,0.280917,0.7039391,0.8276496,343.9086,70.41025,338.0665,LeftController
2/21/2017 2:04:25 PM:914,0.2812116,0.7040596,0.8277333,344.1184,70.26342,338.0983,LeftController
2/21/2017 2:04:25 PM:969,0.2811399,0.7037623,0.827873,344.2748,70.1339,338.1208,LeftController
2/21/2017 2:04:26 PM:36,0.2813644,0.7038617,0.8280717,344.3963,70.0414,338.1313,LeftController
2/21/2017 2:04:26 PM:91,0.281497,0.7038543,0.8281093,344.4405,70.00105,338.1395,LeftController
2/21/2017 2:04:26 PM:126,0.2811776,0.7040118,0.8278728,344.4795,69.96504,338.1366,LeftController
2/21/2017 2:04:26 PM:169,0.2810428,0.7039618,0.8278449,344.5234,69.938,338.14,LeftController
2/21/2017 2:04:26 PM:225,0.2813509,0.7036834,0.8279641,344.6155,69.87871,338.1479,LeftController
2/21/2017 2:04:26 PM:294,0.2812612,0.7039458,0.8279688,344.6844,69.82658,338.1522,LeftController
2/21/2017 2:04:26 PM:335,0.2814084,0.7039028,0.8279217,344.7202,69.80515,338.1613,LeftController
2/21/2017 2:04:26 PM:375,0.2814014,0.7037359,0.8278348,344.7772,69.76223,338.1689,LeftController
2/21/2017 2:04:26 PM:413,0.2813858,0.7038146,0.8278213,344.7993,69.73981,338.1693,LeftController
2/21/2017 2:04:26 PM:472,0.281672,0.7039307,0.8277208,344.8538,69.70171,338.1731,LeftController
2/21/2017 2:04:26 PM:524,0.2813113,0.7040739,0.8277215,344.8597,69.68537,338.1766,LeftController
2/21/2017 2:04:26 PM:559,0.2813381,0.7041329,0.8280073,344.879,69.66306,338.1776,LeftController
2/21/2017 2:04:26 PM:602,0.2813326,0.7041171,0.827857,344.9182,69.64378,338.1811,LeftController
2/21/2017 2:04:26 PM:661,0.2814254,0.7040515,0.8278992,344.9331,69.6303,338.1757,LeftController
2/21/2017 2:04:26 PM:715,0.2815251,0.7041148,0.827849,344.9703,69.60563,338.1705,LeftController
2/21/2017 2:04:26 PM:753,0.2817352,0.7039592,0.8278317,344.9859,69.59075,338.1721,LeftController
2/21/2017 2:04:26 PM:806,0.2816918,0.7038938,0.8276166,345.0104,69.58082,338.1755,LeftController
2/21/2017 2:04:26 PM:873,0.2813723,0.7041407,0.8279355,345.0261,69.56132,338.1913,LeftController
2/21/2017 2:04:26 PM:935,0.2817047,0.7039944,0.8279606,345.0508,69.55218,338.179,LeftController
2/21/2017 2:04:26 PM:973,0.2813714,0.7040169,0.8277465,345.0558,69.53879,338.1833,LeftController
2/21/2017 2:04:27 PM:40,0.2817993,0.7041631,0.8275571,345.0869,69.51811,338.1851,LeftController
2/21/2017 2:04:27 PM:98,0.2820953,0.7039926,0.8278346,345.1024,69.50507,338.1848,LeftController
2/21/2017 2:04:27 PM:140,0.2817296,0.7040013,0.8276664,345.1086,69.5015,338.1945,LeftController
2/21/2017 2:04:27 PM:197,0.281565,0.7042896,0.8278843,345.1111,69.4854,338.1899,LeftController
2/21/2017 2:04:27 PM:254,0.281556,0.7042521,0.8277042,345.1321,69.48178,338.1847,LeftController
2/21/2017 2:04:27 PM:295,0.2817768,0.7040786,0.8279209,345.1498,69.4699,338.1873,LeftController
2/21/2017 2:04:27 PM:353,0.2817237,0.7043064,0.8277141,345.1643,69.46291,338.1849,LeftController
2/21/2017 2:04:27 PM:410,0.2814966,0.7044019,0.827731,345.1835,69.44979,338.1954,LeftController
2/21/2017 2:04:27 PM:453,0.2814568,0.7043395,0.827774,345.1856,69.44818,338.1885,LeftController
2/21/2017 2:04:27 PM:514,0.2817101,0.7042249,0.8278606,345.2155,69.43452,338.1871,LeftController
2/21/2017 2:04:27 PM:568,0.2819376,0.7042984,0.8277738,345.2144,69.42625,338.1884,LeftController
2/21/2017 2:04:27 PM:608,0.2820423,0.7043364,0.8274753,345.2227,69.42847,338.1851,LeftController
2/21/2017 2:04:27 PM:666,0.2816556,0.704465,0.8276727,345.2109,69.42122,338.1853,LeftController
2/21/2017 2:04:27 PM:723,0.2819383,0.7042445,0.8276443,345.2385,69.42233,338.1864,LeftController
2/21/2017 2:04:27 PM:766,0.2818437,0.7044969,0.82753,345.2281,69.41383,338.1878,LeftController
2/21/2017 2:04:27 PM:822,0.2819377,0.7044176,0.8275206,345.2516,69.40259,338.194,LeftController
2/21/2017 2:04:27 PM:879,0.2818269,0.7044812,0.8275012,345.2489,69.39596,338.197,LeftController
2/21/2017 2:04:27 PM:915,0.2818983,0.7042965,0.8275969,345.2654,69.38599,338.1981,LeftController
2/21/2017 2:04:27 PM:969,0.282125,0.7045438,0.8278216,345.2657,69.37542,338.2077,LeftController
2/21/2017 2:04:28 PM:35,0.2817829,0.7043694,0.8278208,345.2645,69.38113,338.199,LeftController
2/21/2017 2:04:28 PM:89,0.2818154,0.704465,0.8276469,345.2731,69.37893,338.1914,LeftController
2/21/2017 2:04:28 PM:125,0.2816598,0.7043953,0.8274709,345.2711,69.37981,338.1938,LeftController
2/21/2017 2:04:28 PM:162,0.2819538,0.7044787,0.8274449,345.2915,69.37003,338.1928,LeftController
2/21/2017 2:04:28 PM:204,0.2820705,0.7047871,0.8275241,345.2939,69.35976,338.2021,LeftController
2/21/2017 2:04:28 PM:258,0.2819829,0.704744,0.8273747,345.3032,69.35965,338.204,LeftController
2/21/2017 2:04:28 PM:325,0.2818803,0.7045487,0.8273529,345.3088,69.35558,338.2095,LeftController
2/21/2017 2:04:28 PM:382,0.2821028,0.7045215,0.8274575,345.334,69.34717,338.2027,LeftController
2/21/2017 2:04:28 PM:424,0.2820672,0.7044154,0.8273669,345.3243,69.34501,338.2048,LeftController
2/21/2017 2:04:28 PM:481,0.281876,0.7045642,0.8276589,345.3258,69.34402,338.2214,LeftController
2/21/2017 2:04:28 PM:536,0.2819122,0.7047627,0.8273952,345.3335,69.3523,338.2057,LeftController
2/21/2017 2:04:28 PM:581,0.2819324,0.7046924,0.8274382,345.3339,69.34659,338.2047,LeftController
2/21/2017 2:04:28 PM:638,0.2821814,0.7047328,0.8274457,345.3525,69.34404,338.2104,LeftController
2/21/2017 2:04:28 PM:721,0.2823733,0.7047163,0.8274366,345.3557,69.34294,338.2014,LeftController
2/21/2017 2:04:28 PM:784,0.2819729,0.7046332,0.8273946,345.3378,69.34495,338.1989,LeftController
2/21/2017 2:04:28 PM:856,0.2820699,0.7046145,0.8274913,345.3522,69.32801,338.2128,LeftController
2/21/2017 2:04:28 PM:906,0.2822756,0.7048147,0.8272511,345.3603,69.32962,338.201,LeftController
2/21/2017 2:04:28 PM:973,0.2821416,0.7049936,0.827194,345.3634,69.33328,338.2047,LeftController
2/21/2017 2:04:29 PM:28,0.2820345,0.704705,0.8273209,345.3625,69.327,338.2117,LeftController
2/21/2017 2:04:29 PM:63,0.2823095,0.7047724,0.8273286,345.3756,69.32745,338.2102,LeftController
2/21/2017 2:04:29 PM:98,0.2824118,0.7047189,0.8274537,345.3759,69.32279,338.2107,LeftController
2/21/2017 2:04:29 PM:137,0.282276,0.7047896,0.8273302,345.371,69.33267,338.2166,LeftController
2/21/2017 2:04:29 PM:196,0.2821327,0.7050304,0.8273189,345.3718,69.33176,338.2206,LeftController
2/21/2017 2:04:29 PM:251,0.2822666,0.7047902,0.8273563,345.3854,69.31554,338.2131,LeftController
2/21/2017 2:04:29 PM:287,0.2822437,0.7046815,0.8274552,345.387,69.31831,338.2175,LeftController
2/21/2017 2:04:29 PM:327,0.2822073,0.7048577,0.8271649,345.3775,69.31399,338.2136,LeftController
2/21/2017 2:04:29 PM:386,0.2822216,0.7049792,0.8273296,345.387,69.30761,338.2131,LeftController
2/21/2017 2:04:29 PM:442,0.2824162,0.7049049,0.8273832,345.4036,69.30473,338.213,LeftController
2/21/2017 2:04:29 PM:482,0.2823455,0.7047684,0.8271859,345.3953,69.31013,338.2021,LeftController
2/21/2017 2:04:29 PM:531,0.2821914,0.7050729,0.8271466,345.3876,69.30424,338.1708,LeftController
2/21/2017 2:04:29 PM:599,0.2827064,0.7051668,0.8263342,345.3034,69.4082,337.4868,LeftController
2/21/2017 2:04:29 PM:656,0.2827171,0.7057353,0.8261584,345.2339,69.54124,337.0077,LeftController
2/21/2017 2:04:29 PM:699,0.2832832,0.704145,0.8257012,345.3647,69.48331,337.998,LeftController
2/21/2017 2:04:29 PM:757,0.2854921,0.7006522,0.8305292,346.5591,70.05505,346.2538,LeftController
2/21/2017 2:04:29 PM:821,0.2902415,0.7034088,0.8309026,346.5892,72.4437,343.747,LeftController
2/21/2017 2:04:29 PM:864,0.2855765,0.6997163,0.8232377,345.8433,71.35221,343.8835,LeftController
2/21/2017 2:04:29 PM:936,0.2861245,0.7004321,0.8297671,346.0109,71.23574,345.1511,LeftController
2/21/2017 2:04:30 PM:2,0.2850759,0.7032318,0.831966,346.0758,70.75541,347.3325,LeftController
2/21/2017 2:04:30 PM:60,0.2872039,0.702953,0.8315886,346.2766,71.12202,345.6241,LeftController
2/21/2017 2:04:30 PM:106,0.285661,0.702835,0.8342923,346.0946,70.54298,348.1051,LeftController
2/21/2017 2:04:30 PM:157,0.2853454,0.7027965,0.8338108,346.1313,70.33335,346.9834,LeftController
2/21/2017 2:04:30 PM:224,0.2852612,0.7028718,0.8328427,346.146,70.37799,346.9574,LeftController
2/21/2017 2:04:30 PM:280,0.2853037,0.7027272,0.8329146,346.1557,70.39895,346.9528,LeftController
2/21/2017 2:04:30 PM:322,0.2852975,0.7029053,0.8329107,346.1652,70.40703,346.9524,LeftController
2/21/2017 2:04:30 PM:381,0.285308,0.7032127,0.8328445,346.1877,70.4432,346.9364,LeftController
2/21/2017 2:04:30 PM:441,0.2849627,0.7032367,0.8327972,346.1808,70.47079,346.9273,LeftController
2/21/2017 2:04:30 PM:479,0.284608,0.7031947,0.8320609,346.1602,70.42795,346.8159,LeftController
2/21/2017 2:04:30 PM:536,0.2844176,0.7042099,0.833075,346.2455,69.77919,345.4522,LeftController
2/21/2017 2:04:30 PM:604,0.2829617,0.7045621,0.8364137,346.2381,68.87705,348.1996,LeftController
2/21/2017 2:04:30 PM:661,0.2820976,0.7057068,0.8374388,346.2361,68.28591,347.3949,LeftController
2/21/2017 2:04:30 PM:707,0.2781864,0.705861,0.8392103,346.1636,67.21259,347.4476,LeftController
2/21/2017 2:04:30 PM:760,0.2719313,0.7061341,0.8430203,346.1265,65.26356,347.5833,LeftController
2/21/2017 2:04:30 PM:827,0.269496,0.7064493,0.8456136,346.1771,64.20109,347.6491,LeftController
2/21/2017 2:04:30 PM:883,0.2693979,0.7072277,0.8472505,346.2347,63.57783,347.678,LeftController
2/21/2017 2:04:30 PM:926,0.2658075,0.7073877,0.852167,346.2808,61.42889,347.5058,LeftController
2/21/2017 2:04:30 PM:983,0.2597822,0.7094355,0.8573254,346.1555,58.80873,347.5699,LeftController
2/21/2017 2:04:31 PM:44,0.2555496,0.7115042,0.8546615,345.8194,59.01979,348.2369,LeftController
2/21/2017 2:04:31 PM:90,0.2537246,0.711903,0.8550224,346.0533,58.51004,347.4267,LeftController
2/21/2017 2:04:31 PM:140,0.2490928,0.7134961,0.8592167,346.3783,56.42561,346.262,LeftController
2/21/2017 2:04:31 PM:207,0.2462825,0.7170142,0.8599397,346.4929,56.43828,347.2233,LeftController
2/21/2017 2:04:31 PM:262,0.2438506,0.7187802,0.8593298,346.4106,56.13121,347.6261,LeftController
2/21/2017 2:04:31 PM:299,0.2424415,0.7200778,0.8585696,346.4076,56.15176,347.607,LeftController
2/21/2017 2:04:31 PM:338,0.2375983,0.7221953,0.8579316,346.301,55.92983,347.9422,LeftController
2/21/2017 2:04:31 PM:396,0.2262831,0.7280893,0.8571396,345.4131,57.48938,351.3292,LeftController
2/21/2017 2:04:31 PM:451,0.2214947,0.72778,0.855442,345.7195,58.13008,350.577,LeftController
2/21/2017 2:04:31 PM:489,0.2178786,0.7268549,0.8554122,346.1382,57.89952,349.7829,LeftController
2/21/2017 2:04:31 PM:531,0.2161058,0.7270672,0.8558469,345.8952,57.03352,350.6747,LeftController
2/21/2017 2:04:31 PM:604,0.1739943,0.7041502,0.8988522,345.6583,65.14365,359.553,LeftController
2/21/2017 2:04:31 PM:672,0.1599637,0.7177194,0.889185,344.5621,62.7578,6.940679,LeftController
2/21/2017 2:04:31 PM:719,0.1582526,0.7316556,0.8838787,342.5914,60.64964,3.030018,LeftController
2/21/2017 2:04:31 PM:757,0.1567315,0.7530249,0.8743036,341.7045,56.99688,1.85948,LeftController
2/21/2017 2:04:31 PM:817,0.1494501,0.7957838,0.8497725,339.7888,46.56028,3.480724,LeftController
2/21/2017 2:04:31 PM:880,0.1147946,0.8617016,0.8052183,338.0921,45.78491,358.8498,LeftController
2/21/2017 2:04:31 PM:917,0.1057194,0.8867019,0.7843349,337.7954,42.54868,358.1251,LeftController
2/21/2017 2:04:31 PM:955,0.1604489,0.8612554,0.7964337,335.1756,38.94452,355.8703,LeftController
2/21/2017 2:04:31 PM:992,0.1697589,0.8778337,0.7758788,331.3662,33.49045,352.654,LeftController
2/21/2017 2:04:32 PM:51,0.1519887,0.9202439,0.7241632,328.7471,21.07187,356.3769,LeftController
2/21/2017 2:04:32 PM:116,0.1433872,0.9515201,0.6739413,328.5755,9.489668,357.0769,LeftController
2/21/2017 2:04:32 PM:159,0.143726,0.9639933,0.6457833,330.5342,2.715683,358.7609,LeftController
2/21/2017 2:04:32 PM:196,0.1458974,0.9805642,0.5989728,334.3605,351.6281,0.8809946,LeftController
2/21/2017 2:04:32 PM:264,0.1529222,0.9980317,0.5471386,337.0712,338.7149,0.6001437,LeftController
2/21/2017 2:04:32 PM:307,0.1544322,0.9993129,0.5259383,332.479,329.7043,2.564044,LeftController
2/21/2017 2:04:32 PM:347,0.1531732,1.001997,0.507715,328.5461,325.1276,2.080195,LeftController
2/21/2017 2:04:32 PM:383,0.153473,1.000303,0.4867452,329.1178,319.9601,3.229652,LeftController
2/21/2017 2:04:32 PM:431,0.1732049,0.989494,0.4655421,328.8853,310.0348,7.388189,LeftController
2/21/2017 2:04:32 PM:495,0.1862032,0.995298,0.4380778,328.4954,296.4534,10.97273,LeftController
2/21/2017 2:04:32 PM:534,0.1960301,1.00129,0.4226689,330.1396,290.6624,9.667957,LeftController
2/21/2017 2:04:32 PM:571,0.2109628,1.008992,0.4087207,330.2415,284.4467,4.596976,LeftController
2/21/2017 2:04:32 PM:621,0.239784,1.019697,0.3789436,328.0014,275.175,358.9953,LeftController
2/21/2017 2:04:32 PM:687,0.2754067,1.023443,0.352636,321.6762,258.7289,0.8749515,LeftController
2/21/2017 2:04:32 PM:741,0.2951254,1.031916,0.3414804,318.3678,247.3621,358.048,LeftController
2/21/2017 2:04:32 PM:778,0.3019309,1.036779,0.3311296,317.1653,243.8062,357.6199,LeftController
2/21/2017 2:04:32 PM:817,0.3088825,1.041506,0.319872,317.682,239.2407,358.3079,LeftController
2/21/2017 2:04:32 PM:855,0.3214912,1.051235,0.3002539,320.3109,228.6028,359.7567,LeftController
2/21/2017 2:04:32 PM:922,0.34304,1.064942,0.2713367,319.9203,211.1567,4.085184,LeftController
2/21/2017 2:04:32 PM:976,0.3503428,1.074617,0.2555872,318.9015,205.6545,1.76657,LeftController
2/21/2017 2:04:33 PM:16,0.3588955,1.086838,0.2458934,316.3319,201.5552,2.548504,LeftController
2/21/2017 2:04:33 PM:52,0.3663775,1.098611,0.2365194,313.984,196.923,2.979859,LeftController
2/21/2017 2:04:33 PM:101,0.3761023,1.116694,0.2192117,308.6858,189.9939,358.2087,LeftController
2/21/2017 2:04:33 PM:168,0.3738754,1.120638,0.2006114,305.5014,192.0391,345.2806,LeftController
2/21/2017 2:04:33 PM:220,0.3652214,1.116117,0.1913543,307.575,196.439,337.8843,LeftController
2/21/2017 2:04:33 PM:261,0.3582964,1.113518,0.1835302,311.2684,199.0174,334.2123,LeftController
2/21/2017 2:04:33 PM:305,0.3500648,1.109805,0.173229,316.8018,203.0946,325.8769,LeftController
2/21/2017 2:04:33 PM:358,0.3358208,1.088844,0.1531974,329.251,205.1301,308.0018,LeftController
2/21/2017 2:04:33 PM:421,0.3334668,1.067489,0.1249518,351.9222,209.1351,336.6557,LeftController
2/21/2017 2:04:33 PM:461,0.3386898,1.044326,0.1036721,9.38322,210.8541,354.1108,LeftController
2/21/2017 2:04:33 PM:498,0.3625124,1.026676,0.08146757,21.60563,206.2833,14.23529,LeftController
2/21/2017 2:04:33 PM:547,0.3974762,1.014706,0.03709981,32.75019,196.5144,23.98677,LeftController
2/21/2017 2:04:33 PM:614,0.4201674,1.038516,9.037182E-05,26.83925,186.5843,14.33718,LeftController
2/21/2017 2:04:33 PM:669,0.4230994,1.058319,-0.01933881,22.18696,181.5253,9.362159,LeftController
2/21/2017 2:04:33 PM:703,0.4289147,1.072025,-0.02560894,18.27647,175.7986,5.0723,LeftController
2/21/2017 2:04:33 PM:739,0.4290932,1.085145,-0.02852282,13.99394,175.244,3.078354,LeftController
2/21/2017 2:04:33 PM:778,0.4218595,1.097701,-0.03060393,10.54727,176.9528,1.686883,LeftController
2/21/2017 2:04:33 PM:815,0.4118195,1.106796,-0.02971929,11.74186,180.9174,1.189331,LeftController
2/21/2017 2:04:33 PM:882,0.4062566,1.114091,-0.02927806,10.99436,182.4939,4.28916,LeftController
2/21/2017 2:04:33 PM:946,0.404238,1.131719,-0.02936611,3.593069,182.9694,3.289241,LeftController
2/21/2017 2:04:33 PM:986,0.4061743,1.140441,-0.02923547,0.6425724,181.3209,3.031341,LeftController
2/21/2017 2:04:34 PM:21,0.4073027,1.148143,-0.02839604,358.3029,180.3218,1.644666,LeftController
2/21/2017 2:04:34 PM:56,0.4086362,1.155913,-0.0273595,357.2618,180.0111,2.795621,LeftController
2/21/2017 2:04:34 PM:99,0.4088851,1.16554,-0.02507803,355.3488,180.5638,3.483281,LeftController
2/21/2017 2:04:34 PM:151,0.4108422,1.182672,-0.01944635,349.3263,181.0765,3.631991,LeftController
2/21/2017 2:04:34 PM:214,0.4134781,1.193594,-0.01372208,344.423,179.8179,2.599766,LeftController
2/21/2017 2:04:35 PM:183,0.459825,1.005538,-0.007134497,36.26727,185.2874,20.99543,LeftController
2/21/2017 2:04:35 PM:224,0.4622911,0.9917059,-0.00962716,38.38413,184.6334,21.53003,LeftController
2/21/2017 2:04:35 PM:284,0.4636472,0.9715301,-0.02154715,38.76794,188.0774,34.31904,LeftController
2/21/2017 2:04:35 PM:347,0.4664228,0.9360845,-0.03706259,40.39787,188.3501,33.44012,LeftController
2/21/2017 2:04:35 PM:385,0.4721903,0.9075015,-0.04446504,42.93813,186.6125,32.29524,LeftController
2/21/2017 2:04:35 PM:425,0.4840871,0.863191,-0.04948254,45.88976,180.8867,24.77832,LeftController
2/21/2017 2:04:35 PM:485,0.5025436,0.7933811,-0.04390739,48.574,171.0368,6.789697,LeftController
2/21/2017 2:04:35 PM:537,0.5166404,0.7523358,-0.01958625,51.64848,160.9684,349.7597,LeftController
2/21/2017 2:04:35 PM:572,0.5254128,0.729882,0.0004537813,52.01789,153.7279,340.7369,LeftController
2/21/2017 2:04:35 PM:608,0.5230742,0.7154038,0.0152826,49.14667,154.2717,331.342,LeftController
2/21/2017 2:04:35 PM:654,0.5028656,0.7032745,0.0316059,44.02643,170.5452,326.6346,LeftController
2/21/2017 2:04:35 PM:708,0.4633833,0.6948645,0.06733083,34.11958,200.2496,328.2433,LeftController
2/21/2017 2:04:35 PM:775,0.4517578,0.6847633,0.09859778,36.10991,211.6018,320.2415,LeftController
2/21/2017 2:04:35 PM:828,0.4664395,0.6909186,0.08833438,37.16021,199.0625,321.5574,LeftController
2/21/2017 2:04:35 PM:866,0.4694761,0.7043539,0.07542771,36.22387,193.1187,327.2048,LeftController
2/21/2017 2:04:35 PM:920,0.4453593,0.7678986,0.03843888,21.0936,199.0349,343.8305,LeftController
2/21/2017 2:04:35 PM:987,0.430192,0.8707088,0.004973635,359.6776,199.6187,353.283,LeftController
2/21/2017 2:04:36 PM:43,0.422842,0.9338255,-0.004744161,348.9394,200.6299,353.7115,LeftController
2/21/2017 2:04:36 PM:116,0.4135616,1.015943,-0.01044695,335.3136,201.6324,358.7681,LeftController
2/21/2017 2:04:36 PM:177,0.4086677,1.052626,-0.01198705,329.2871,200.69,2.182843,LeftController
2/21/2017 2:04:36 PM:229,0.4066309,1.066025,-0.01209102,326.4931,199.8796,4.667755,LeftController
2/21/2017 2:04:36 PM:266,0.4025204,1.07372,-0.01074695,324.9558,200.7756,4.213121,LeftController
2/21/2017 2:04:36 PM:308,0.3982284,1.081154,-0.008491945,324.1158,200.7899,5.247811,LeftController
2/21/2017 2:04:36 PM:355,0.3913313,1.088676,-0.002579257,321.5607,202.6875,3.415228,LeftController
2/21/2017 2:04:36 PM:420,0.3836948,1.092862,0.005895384,318.8496,205.9934,4.942564,LeftController
2/21/2017 2:04:36 PM:464,0.3796858,1.0925,0.01084349,317.5231,206.2405,8.473017,LeftController
2/21/2017 2:04:36 PM:518,0.365543,1.084444,0.004123956,322.5346,207.7719,10.84717,LeftController
2/21/2017 2:04:36 PM:580,0.3512577,1.063248,-0.01881176,333.9385,205.3278,27.0116,LeftController
2/21/2017 2:04:36 PM:643,0.333792,1.043558,-0.04251684,342.1283,205.5047,40.4855,LeftController
2/21/2017 2:04:36 PM:680,0.3258646,1.034627,-0.0594789,345.5493,203.05,47.557,LeftController
2/21/2017 2:04:36 PM:716,0.3125906,1.021867,-0.07654692,350.2163,203.0238,51.3414,LeftController
2/21/2017 2:04:36 PM:770,0.273585,0.9955052,-0.1065531,359.402,205.8611,58.67682,LeftController
2/21/2017 2:04:36 PM:833,0.2341481,0.9824456,-0.1279359,3.714472,209.7829,66.59828,LeftController
2/21/2017 2:04:36 PM:870,0.2079623,0.9747342,-0.1383496,6.334004,212.4318,71.20165,LeftController
2/21/2017 2:04:36 PM:905,0.182969,0.969811,-0.1477992,8.041687,214.4578,73.18439,LeftController
2/21/2017 2:04:36 PM:960,0.1375898,0.9687352,-0.1619878,8.497713,217.9209,76.73199,LeftController
2/21/2017 2:04:37 PM:26,0.1092207,0.9741491,-0.1713922,6.854115,217.9856,77.7345,LeftController
2/21/2017 2:04:37 PM:79,0.0949707,0.9770329,-0.1738314,5.620454,220.0984,79.17064,LeftController
2/21/2017 2:04:37 PM:125,0.0836519,0.9753102,-0.1738916,7.319311,223.5138,80.3929,LeftController
2/21/2017 2:04:37 PM:182,0.07505322,0.97569,-0.1749334,7.876456,226.8057,80.24332,LeftController
2/21/2017 2:04:37 PM:250,0.06975985,0.9816519,-0.1664581,5.124538,233.2916,79.70995,LeftController
2/21/2017 2:04:37 PM:302,0.07031548,0.9893136,-0.1587418,1.1688,236.7578,76.27293,LeftController
2/21/2017 2:04:37 PM:357,0.07193673,0.9923322,-0.1388498,357.9357,244.4969,71.99609,LeftController
2/21/2017 2:04:37 PM:429,0.08672154,0.986959,-0.08094448,350.3897,263.8077,51.29182,LeftController
2/21/2017 2:04:37 PM:497,0.1114012,0.9446615,-0.04085636,356.2287,278.2454,34.6666,LeftController
2/21/2017 2:04:37 PM:548,0.1333772,0.9121612,-0.03098363,2.420857,282.0345,24.95046,LeftController
2/21/2017 2:04:37 PM:587,0.1489753,0.893355,-0.02952632,6.289049,282.4308,21.61979,LeftController
2/21/2017 2:04:37 PM:627,0.1678061,0.8769115,-0.02942344,8.628804,282.2184,18.70044,LeftController
2/21/2017 2:04:37 PM:686,0.1920457,0.8670921,-0.0330416,10.69136,279.6075,21.99689,LeftController
2/21/2017 2:04:37 PM:749,0.2075145,0.8686731,-0.03802323,9.765219,276.0328,23.03798,LeftController
2/21/2017 2:04:37 PM:790,0.2172107,0.8699918,-0.04136269,9.309972,273.4782,22.10835,LeftController
2/21/2017 2:04:37 PM:844,0.2358185,0.8678684,-0.04916558,10.25343,267.817,22.07162,LeftController
2/21/2017 2:04:37 PM:898,0.2573742,0.8708291,-0.05438492,10.31978,263.6037,20.67881,LeftController
2/21/2017 2:04:37 PM:965,0.2782956,0.8763531,-0.05593432,9.651885,261.0688,18.22692,LeftController
2/21/2017 2:04:38 PM:23,0.2928036,0.8766432,-0.05819118,10.28169,259.1233,20.92869,LeftController
2/21/2017 2:04:38 PM:66,0.306494,0.8734828,-0.05878849,12.536,258.203,23.46418,LeftController
2/21/2017 2:04:38 PM:122,0.3240528,0.871734,-0.05615254,12.36644,258.4219,19.87951,LeftController
2/21/2017 2:04:38 PM:188,0.3381436,0.8749746,-0.04895651,10.63279,259.7458,14.66169,LeftController
2/21/2017 2:04:38 PM:240,0.3446625,0.8784462,-0.04250032,10.03557,261.1688,15.31914,LeftController
2/21/2017 2:04:38 PM:280,0.3484974,0.8816837,-0.03708473,8.872014,262.2295,15.03253,LeftController
2/21/2017 2:04:38 PM:333,0.3513955,0.8863654,-0.02275345,7.260746,265.4358,12.70069,LeftController
2/21/2017 2:04:38 PM:400,0.3484019,0.8869313,-0.0004670583,6.857195,271.0954,10.58213,LeftController
2/21/2017 2:04:38 PM:464,0.3427547,0.8872169,0.02347413,6.231588,276.5847,9.003778,LeftController
2/21/2017 2:04:38 PM:509,0.3372487,0.8886322,0.04553384,5.461328,281.3706,7.961157,LeftController
2/21/2017 2:04:38 PM:570,0.3298455,0.893747,0.08172961,4.104838,288.5535,5.84798,LeftController
2/21/2017 2:04:38 PM:621,0.3262275,0.8990985,0.1092356,3.008382,293.1065,5.196286,LeftController
2/21/2017 2:04:38 PM:665,0.3237979,0.9035553,0.136496,2.19931,297.2873,5.788095,LeftController
2/21/2017 2:04:38 PM:714,0.3230315,0.9092073,0.1713274,0.51319,302.5299,5.947738,LeftController
2/21/2017 2:04:38 PM:780,0.3275822,0.9155344,0.2138906,357.7522,309.4243,5.857869,LeftController
2/21/2017 2:04:38 PM:847,0.3336358,0.916635,0.2477062,356.231,315.4519,9.597975,LeftController
2/21/2017 2:04:38 PM:890,0.3391696,0.9151642,0.2722978,355.6459,319.647,13.23704,LeftController
2/21/2017 2:04:38 PM:949,0.3431065,0.9088391,0.3057764,358.0763,325.4598,27.28566,LeftController
2/21/2017 2:04:39 PM:15,0.3455106,0.9026047,0.3376567,1.062795,332.3795,39.68093,LeftController
2/21/2017 2:04:39 PM:67,0.3528416,0.903057,0.360107,0.4419603,338.3908,34.76022,LeftController
2/21/2017 2:04:39 PM:105,0.3589025,0.9044012,0.3755866,0.1880081,343.4405,32.11154,LeftController
2/21/2017 2:04:39 PM:146,0.3667581,0.9081089,0.3924594,0.3980869,350.5173,28.67215,LeftController
2/21/2017 2:04:39 PM:204,0.3748747,0.9167867,0.4103591,0.1635814,359.8511,24.05874,LeftController
2/21/2017 2:04:39 PM:272,0.3765234,0.9186833,0.4189524,0.6465027,6.529394,20.66424,LeftController
2/21/2017 2:04:39 PM:324,0.3759735,0.9134561,0.4204233,1.778225,8.647027,19.68893,LeftController
2/21/2017 2:04:39 PM:372,0.3712596,0.9085776,0.4192431,3.020783,9.664888,18.05181,LeftController
2/21/2017 2:04:39 PM:428,0.3642793,0.8955389,0.4123573,5.71043,10.85975,19.76413,LeftController
2/21/2017 2:04:39 PM:495,0.3622739,0.8739171,0.4010745,10.94134,12.36937,17.32397,LeftController
2/21/2017 2:04:39 PM:547,0.3653618,0.8635544,0.3927567,13.45417,14.45399,14.32365,LeftController
2/21/2017 2:04:39 PM:598,0.3679987,0.8569292,0.3858276,15.78323,16.10754,12.88394,LeftController
2/21/2017 2:04:39 PM:652,0.3730541,0.8535242,0.3781239,18.1377,17.98954,13.2595,LeftController
2/21/2017 2:04:39 PM:719,0.3774196,0.8517845,0.3762925,20.18854,18.50897,12.01387,LeftController
2/21/2017 2:04:39 PM:771,0.3805624,0.8528352,0.3775767,20.92661,18.08633,10.60148,LeftController
2/21/2017 2:04:39 PM:826,0.3867998,0.854048,0.3805067,21.80391,17.5641,9.656721,LeftController
2/21/2017 2:04:39 PM:874,0.397072,0.8524246,0.3812774,23.79264,18.04882,9.189599,LeftController
2/21/2017 2:04:39 PM:942,0.4167341,0.8454734,0.376886,25.87185,22.81487,9.763366,LeftController
2/21/2017 2:04:40 PM:6,0.433938,0.8353503,0.3684912,28.49239,27.61087,10.66863,LeftController
2/21/2017 2:04:40 PM:51,0.4459616,0.8254284,0.3594958,31.3212,31.00004,11.21816,LeftController
2/21/2017 2:04:40 PM:110,0.4638641,0.8096219,0.3432392,36.11431,37.29447,10.92378,LeftController
2/21/2017 2:04:40 PM:176,0.4823066,0.7998453,0.3285041,39.55509,45.62092,11.60061,LeftController
2/21/2017 2:04:40 PM:229,0.4932355,0.7977104,0.3238498,40.29617,50.37477,12.70899,LeftController
2/21/2017 2:04:40 PM:274,0.5021899,0.7963727,0.3230373,40.54152,53.17837,13.41652,LeftController
2/21/2017 2:04:40 PM:333,0.5121179,0.7946509,0.3270077,40.6565,54.15168,13.1416,LeftController
2/21/2017 2:04:40 PM:401,0.5196617,0.7939399,0.3317646,40.64509,54.66233,11.84446,LeftController
2/21/2017 2:04:40 PM:474,0.5247731,0.7951746,0.3347883,40.29642,55.7137,12.43743,LeftController
2/21/2017 2:04:40 PM:523,0.5273693,0.7972015,0.3391634,39.98436,56.06748,12.79317,LeftController
2/21/2017 2:04:40 PM:590,0.5257719,0.797443,0.3433754,40.20451,55.53716,12.05518,LeftController
2/21/2017 2:04:40 PM:654,0.5218055,0.7953556,0.3465717,40.68286,54.50313,11.50238,LeftController
2/21/2017 2:04:40 PM:691,0.5192854,0.79353,0.3482343,41.08795,53.93093,11.18972,LeftController
2/21/2017 2:04:40 PM:746,0.5153253,0.7888682,0.3488327,42.32179,53.2521,10.54603,LeftController
2/21/2017 2:04:40 PM:815,0.5149257,0.7844361,0.3477782,43.35458,53.83411,10.3615,LeftController
2/21/2017 2:04:40 PM:869,0.5166271,0.7824585,0.3468679,44.00519,54.82813,11.04222,LeftController
2/21/2017 2:04:40 PM:930,0.5186708,0.7808084,0.3464964,44.49663,55.47546,11.44276,LeftController
2/21/2017 2:04:40 PM:982,0.5208499,0.7802243,0.3472919,44.86143,55.35581,11.25538,LeftController
2/21/2017 2:04:41 PM:48,0.5209141,0.7814136,0.3487627,44.5574,54.29342,11.33009,LeftController
2/21/2017 2:04:41 PM:101,0.5179367,0.7824538,0.3492176,44.60224,53.2195,11.51777,LeftController
2/21/2017 2:04:41 PM:165,0.5130606,0.7824439,0.3489655,44.9432,52.18604,11.46556,LeftController
2/21/2017 2:04:41 PM:229,0.4978247,0.7784833,0.3479866,45.8857,50.19757,11.89484,LeftController
2/21/2017 2:04:41 PM:293,0.4775473,0.7671142,0.3464543,47.73163,47.35017,11.40837,LeftController
2/21/2017 2:04:41 PM:357,0.4525241,0.7517831,0.3420126,51.77816,42.29578,5.614718,LeftController
2/21/2017 2:04:41 PM:417,0.4351838,0.741261,0.335916,55.01225,37.93873,356.7426,LeftController
2/21/2017 2:04:41 PM:481,0.4334383,0.7373778,0.3323529,55.42716,39.06924,354.5282,LeftController
2/21/2017 2:04:41 PM:524,0.4385033,0.7360425,0.3303107,54.66671,43.03181,357.3799,LeftController
2/21/2017 2:04:41 PM:573,0.4490319,0.7350856,0.3295283,52.43029,48.66639,1.637681,LeftController
2/21/2017 2:04:41 PM:638,0.4619758,0.7338125,0.3318224,48.58314,53.33956,6.150874,LeftController
2/21/2017 2:04:41 PM:681,0.4716407,0.7328022,0.3328759,45.81842,55.22588,6.408773,LeftController
2/21/2017 2:04:41 PM:729,0.4812574,0.7276896,0.3332502,45.58178,55.81268,6.863954,LeftController
2/21/2017 2:04:41 PM:793,0.4861411,0.7233957,0.3281367,46.8224,58.60123,8.791015,LeftController
2/21/2017 2:04:41 PM:833,0.4894322,0.7218696,0.3243741,47.33025,61.81556,9.881473,LeftController
2/21/2017 2:04:41 PM:886,0.4948368,0.7206471,0.3193541,47.82576,68.20335,11.52894,LeftController
2/21/2017 2:04:41 PM:953,0.4950414,0.7204458,0.3205549,48.41557,70.0365,11.14863,LeftController
2/21/2017 2:04:42 PM:5,0.4932923,0.7188424,0.3246872,48.9959,69.03835,9.489645,LeftController
2/21/2017 2:04:42 PM:42,0.4918206,0.7180488,0.327154,49.26424,68.71618,8.125736,LeftController
2/21/2017 2:04:42 PM:83,0.4895643,0.7164905,0.3295908,49.80347,68.77912,6.522927,LeftController
2/21/2017 2:04:42 PM:142,0.4841396,0.7154651,0.3323511,50.57068,69.16564,4.400517,LeftController
2/21/2017 2:04:42 PM:195,0.4778862,0.7133762,0.3351111,50.69706,67.69716,3.355816,LeftController
2/21/2017 2:04:42 PM:239,0.4685556,0.7091478,0.3374161,51.0472,64.41034,1.682418,LeftController
2/21/2017 2:04:42 PM:291,0.4540476,0.701697,0.3356627,52.91997,61.10288,358.5992,LeftController
2/21/2017 2:04:42 PM:365,0.4351012,0.692338,0.3240246,57.55243,61.42631,355.9376,LeftController
2/21/2017 2:04:42 PM:418,0.4220514,0.6868014,0.3122001,60.30761,63.0954,356.4033,LeftController
2/21/2017 2:04:42 PM:517,0.402838,0.683,0.2927826,63.17053,61.18374,356.2913,LeftController
2/21/2017 2:04:42 PM:581,0.3946587,0.6828197,0.2779952,63.47054,62.22651,358.8319,LeftController
2/21/2017 2:04:42 PM:630,0.3889598,0.6829696,0.2680209,63.56411,62.756,1.122748,LeftController
2/21/2017 2:04:42 PM:668,0.3843037,0.6833255,0.2609253,63.86495,62.85954,2.346329,LeftController
2/21/2017 2:04:42 PM:724,0.3743885,0.6847426,0.2474407,64.87727,63.57466,4.188677,LeftController
2/21/2017 2:04:42 PM:795,0.3630534,0.6866755,0.2371065,66.23765,63.8751,5.188109,LeftController
2/21/2017 2:04:42 PM:847,0.355818,0.6880598,0.2325707,67.11127,63.03436,4.719143,LeftController
2/21/2017 2:04:42 PM:890,0.3505183,0.6902012,0.2300042,67.63136,62.32867,4.17856,LeftController
2/21/2017 2:04:42 PM:947,0.3443137,0.6939578,0.2296514,67.72155,60.31367,2.356785,LeftController
2/21/2017 2:04:43 PM:14,0.3407892,0.6979362,0.2347696,65.72232,54.78858,358.0627,LeftController
2/21/2017 2:04:43 PM:68,0.3389452,0.7001427,0.2392972,63.66432,50.32122,355.4114,LeftController
2/21/2017 2:04:43 PM:117,0.3365895,0.70172,0.2417458,62.02892,46.65363,353.5765,LeftController
2/21/2017 2:04:43 PM:170,0.3313236,0.7021109,0.2386166,61.36347,44.58524,352.7357,LeftController
2/21/2017 2:04:43 PM:238,0.32583,0.7008883,0.2279783,63.05504,48.3553,354.8476,LeftController
2/21/2017 2:04:43 PM:289,0.3224019,0.7004316,0.221389,63.97721,51.11619,356.7107,LeftController
2/21/2017 2:04:43 PM:331,0.3206021,0.6995262,0.2187637,64.24028,51.83535,357.4202,LeftController
2/21/2017 2:04:43 PM:383,0.3201164,0.6965581,0.2165384,64.04926,51.09727,357.3523,LeftController
2/21/2017 2:04:43 PM:449,0.3230228,0.6938671,0.2174266,63.43659,51.46977,358.1313,LeftController
2/21/2017 2:04:43 PM:502,0.3231814,0.6935197,0.2180718,63.22393,51.9629,358.566,LeftController
2/21/2017 2:04:43 PM:554,0.3234793,0.6935549,0.2199224,62.72404,52.1439,358.6556,LeftController
2/21/2017 2:04:43 PM:606,0.324446,0.6933173,0.2245335,61.54889,52.12002,358.8483,LeftController
2/21/2017 2:04:43 PM:673,0.3240957,0.6930511,0.2313497,59.1748,50.26338,358.8557,LeftController
2/21/2017 2:04:43 PM:736,0.3190916,0.6924343,0.236038,56.97358,45.24326,357.7525,LeftController
2/21/2017 2:04:43 PM:780,0.3123492,0.6907842,0.2342035,57.1879,43.42367,357.6599,LeftController
2/21/2017 2:04:43 PM:829,0.3023741,0.6886578,0.2243606,60.4946,46.46981,359.7945,LeftController
2/21/2017 2:04:43 PM:896,0.2917461,0.6886011,0.2110731,64.87672,56.19492,4.196107,LeftController
2/21/2017 2:04:43 PM:972,0.288952,0.6885221,0.2105175,66.10884,58.63196,4.346251,LeftController
2/21/2017 2:04:44 PM:34,0.2899199,0.6870719,0.2189343,65.89205,54.26754,1.040394,LeftController
2/21/2017 2:04:44 PM:89,0.2960061,0.6869501,0.2297269,64.43175,51.3163,358.963,LeftController
2/21/2017 2:04:44 PM:159,0.3033121,0.6883429,0.2393183,62.79041,50.30568,358.1898,LeftController
2/21/2017 2:04:44 PM:216,0.3096496,0.6889896,0.2450042,62.13235,51.06283,358.3061,LeftController
2/21/2017 2:04:44 PM:262,0.314415,0.6895921,0.2480346,61.74503,53.34962,359.6135,LeftController
2/21/2017 2:04:44 PM:310,0.3196414,0.6890202,0.2523051,61.115,54.20117,359.8232,LeftController
2/21/2017 2:04:44 PM:377,0.3256289,0.6867055,0.2574261,59.91349,53.72348,359.6653,LeftController
2/21/2017 2:04:44 PM:441,0.3282559,0.6836692,0.2577967,59.54549,54.73109,1.037452,LeftController
2/21/2017 2:04:44 PM:484,0.3290708,0.6814003,0.2573687,59.41584,55.32233,1.65597,LeftController
2/21/2017 2:04:44 PM:544,0.329474,0.6791745,0.2567669,58.61427,54.48463,1.751295,LeftController
2/21/2017 2:04:44 PM:596,0.3288828,0.6782503,0.2557622,57.92374,53.1329,2.199423,LeftController
2/21/2017 2:04:44 PM:631,0.3272731,0.6779457,0.254282,57.6094,52.05393,2.907523,LeftController
2/21/2017 2:04:44 PM:666,0.3245809,0.6769382,0.2520368,57.502,50.67051,3.649133,LeftController
2/21/2017 2:04:44 PM:702,0.321169,0.6754421,0.2490969,57.59043,48.63177,3.971337,LeftController
2/21/2017 2:04:44 PM:756,0.3127789,0.6704999,0.2414555,57.53873,42.93311,2.854866,LeftController
2/21/2017 2:04:44 PM:824,0.3007551,0.6638514,0.2290973,57.31101,35.92994,1.326351,LeftController
2/21/2017 2:04:44 PM:885,0.2913109,0.657979,0.2173014,57.608,30.1297,359.9918,LeftController
2/21/2017 2:04:44 PM:944,0.2804391,0.6495885,0.1985264,58.52726,21.41226,356.6263,LeftController
2/21/2017 2:04:44 PM:994,0.272622,0.6383562,0.1693743,60.42924,12.20469,352.7735,LeftController
2/21/2017 2:04:45 PM:58,0.2763203,0.6249012,0.1363273,64.37415,7.351073,352.2308,LeftController
2/21/2017 2:04:45 PM:122,0.2869086,0.6153405,0.1138252,66.79914,0.1223191,348.1391,LeftController
2/21/2017 2:04:45 PM:157,0.2957178,0.6096607,0.1035305,67.32884,353.5207,344.2275,LeftController
2/21/2017 2:04:45 PM:193,0.3082098,0.604221,0.09758861,66.6161,346.6523,340.9891,LeftController
2/21/2017 2:04:45 PM:248,0.3395777,0.5925995,0.09163928,65.20245,338.2249,338.2644,LeftController
2/21/2017 2:04:45 PM:315,0.3887627,0.5796845,0.09330054,68.54224,349.287,346.1613,LeftController
2/21/2017 2:04:45 PM:367,0.4243965,0.5768565,0.09927519,69.03757,5.693003,358.3489,LeftController
2/21/2017 2:04:45 PM:407,0.430872,0.5772302,0.1013817,68.57457,0.8791293,337.6281,LeftController
2/21/2017 2:04:45 PM:447,0.4335749,0.5814424,0.1057881,67.39587,8.841603,331.2421,LeftController
2/21/2017 2:04:45 PM:505,0.4409862,0.5951298,0.1144018,60.52896,10.3716,339.3174,LeftController
2/21/2017 2:04:45 PM:572,0.4261669,0.5998909,0.1081375,57.82714,354.0272,334.9739,LeftController
2/21/2017 2:04:45 PM:625,0.4181048,0.6054564,0.1040645,50.1318,345.414,341.6442,LeftController
2/21/2017 2:04:45 PM:669,0.4044697,0.6147821,0.09003657,42.64458,334.3276,358.1619,LeftController
2/21/2017 2:04:45 PM:717,0.368216,0.6314147,0.05092841,41.4954,320.0954,19.20123,LeftController
2/21/2017 2:04:45 PM:784,0.3604589,0.6134837,-0.01091211,48.08112,304.4677,29.94132,LeftController
2/21/2017 2:04:45 PM:848,0.3798109,0.5872673,-0.06301895,53.94928,296.3423,13.80925,LeftController
2/21/2017 2:04:45 PM:888,0.4126717,0.5620635,-0.08787943,59.21648,295.2692,0.1819,LeftController
2/21/2017 2:04:45 PM:941,0.4440204,0.5543194,-0.1327993,71.88461,296.4955,338.0239,LeftController
2/21/2017 2:04:46 PM:5,0.4584042,0.556523,-0.1490107,75.45321,300.9373,343.0573,LeftController
2/21/2017 2:04:46 PM:49,0.4571536,0.5573039,-0.1543248,72.78384,297.3602,349.2859,LeftController
2/21/2017 2:04:46 PM:97,0.4529264,0.5581113,-0.1548974,68.3317,294.7527,359.3094,LeftController
2/21/2017 2:04:46 PM:160,0.4500012,0.5591066,-0.1511405,66.71226,293.9957,6.446253,LeftController
2/21/2017 2:04:46 PM:199,0.4501101,0.5591365,-0.1473681,66.7391,295.4569,8.672461,LeftController
2/21/2017 2:04:46 PM:253,0.4476981,0.5591055,-0.1330397,66.39277,303.5887,13.03609,LeftController
2/21/2017 2:04:46 PM:320,0.4373444,0.5636866,-0.1158584,63.84517,312.1237,14.58333,LeftController
2/21/2017 2:04:46 PM:372,0.4284494,0.5642,-0.1217243,63.81261,313.867,5.725028,LeftController
2/21/2017 2:04:46 PM:422,0.4157773,0.5664542,-0.1248428,61.73546,309.2962,3.913488,LeftController
2/21/2017 2:04:46 PM:465,0.3979584,0.569342,-0.1325859,59.1809,299.5138,6.513909,LeftController
2/21/2017 2:04:46 PM:532,0.3857433,0.5723615,-0.1418799,56.41989,291.1561,10.38209,LeftController
2/21/2017 2:04:46 PM:598,0.3850607,0.5721886,-0.1446516,55.83268,290.2813,10.37362,LeftController
2/21/2017 2:04:46 PM:635,0.3892834,0.5697387,-0.1454151,57.16007,292.2081,10.18281,LeftController
2/21/2017 2:04:46 PM:690,0.4028333,0.5633537,-0.1458535,61.85079,300.4854,11.23923,LeftController
2/21/2017 2:04:46 PM:753,0.4122694,0.5593333,-0.1449672,65.36845,309.8979,13.08977,LeftController
2/21/2017 2:04:46 PM:791,0.4152663,0.5572546,-0.1442337,66.94708,314.9133,14.31802,LeftController
2/21/2017 2:04:46 PM:845,0.4156435,0.5539768,-0.1421683,69.59374,324.1445,17.19105,LeftController
2/21/2017 2:04:46 PM:909,0.4093347,0.5528647,-0.1347883,71.01312,332.734,19.51632,LeftController
2/21/2017 2:04:46 PM:943,0.4025919,0.552332,-0.1280238,71.46335,337.5833,20.07193,LeftController
2/21/2017 2:04:46 PM:977,0.3939351,0.5521044,-0.1194493,71.54432,341.2801,19.37012,LeftController
2/21/2017 2:04:47 PM:20,0.3790563,0.5523511,-0.1037663,70.87167,343.8283,16.36333,LeftController
2/21/2017 2:04:47 PM:68,0.3576441,0.5538961,-0.07830635,68.94719,343.83,10.69635,LeftController
2/21/2017 2:04:47 PM:132,0.3357947,0.5574217,-0.04584163,65.88354,342.5236,5.639089,LeftController
2/21/2017 2:04:47 PM:176,0.3209124,0.5618396,-0.01800536,63.29271,342.5116,2.612225,LeftController
2/21/2017 2:04:47 PM:225,0.3064522,0.5691112,0.0178206,60.31678,343.9289,359.8096,LeftController
2/21/2017 2:04:47 PM:294,0.2976612,0.5793527,0.05992487,57.87773,348.1825,358.4594,LeftController
2/21/2017 2:04:47 PM:356,0.2963172,0.5878217,0.09373476,56.60806,352.8023,357.2241,LeftController
2/21/2017 2:04:47 PM:411,0.29966,0.5958772,0.1247552,55.44911,357.0456,354.7937,LeftController
2/21/2017 2:04:47 PM:470,0.3101586,0.6049981,0.1582437,53.81216,2.463204,352.1155,LeftController
2/21/2017 2:04:47 PM:538,0.3269913,0.6125764,0.1867337,52.59828,9.714292,352.4031,LeftController
2/21/2017 2:04:47 PM:605,0.3462926,0.6189098,0.208034,51.80341,17.53596,353.8304,LeftController
2/21/2017 2:04:47 PM:671,0.3640587,0.6219403,0.2227244,51.40392,23.25775,355.5932,LeftController
2/21/2017 2:04:47 PM:742,0.379487,0.6226617,0.2329119,50.56776,26.9582,357.048,LeftController
2/21/2017 2:04:47 PM:826,0.3944972,0.6218541,0.2336334,49.9958,30.54791,358.3368,LeftController
2/21/2017 2:04:47 PM:900,0.4023087,0.6197233,0.2237682,51.19851,33.84561,0.6224391,LeftController
2/21/2017 2:04:47 PM:954,0.4065821,0.6144887,0.2041463,54.31461,42.20065,5.138873,LeftController
2/21/2017 2:04:48 PM:18,0.4001068,0.6106035,0.1819282,59.26107,52.0685,10.33041,LeftController
2/21/2017 2:04:48 PM:81,0.3929811,0.6059533,0.1694462,64.12544,57.78647,12.5031,LeftController
2/21/2017 2:04:48 PM:126,0.3876215,0.6046852,0.164342,66.98306,60.55795,12.41947,LeftController
2/21/2017 2:04:48 PM:174,0.3858826,0.6052556,0.1631411,68.36497,62.19717,10.52703,LeftController
2/21/2017 2:04:48 PM:242,0.394583,0.6079699,0.1707963,66.1025,59.9966,6.821391,LeftController
2/21/2017 2:04:48 PM:309,0.4043005,0.6142476,0.1805959,62.71267,56.56202,5.437347,LeftController
2/21/2017 2:04:48 PM:353,0.4117129,0.6203105,0.1879695,60.10291,55.0173,5.773671,LeftController
2/21/2017 2:04:48 PM:409,0.419288,0.6319944,0.2011612,56.60172,53.45672,7.109538,LeftController
2/21/2017 2:04:48 PM:464,0.4228725,0.6422219,0.2167395,53.99243,49.71027,9.634703,LeftController
2/21/2017 2:04:48 PM:507,0.4264938,0.661526,0.2387159,46.36707,44.36307,9.963527,LeftController
2/21/2017 2:04:48 PM:569,0.4321733,0.6969204,0.2789553,33.04838,32.16856,13.40301,LeftController
2/21/2017 2:04:48 PM:622,0.4299289,0.7299713,0.3035362,24.14576,23.25789,23.2389,LeftController
2/21/2017 2:04:48 PM:673,0.4278069,0.779337,0.3276998,12.10736,13.05386,43.7442,LeftController
2/21/2017 2:04:48 PM:767,0.4373329,0.873747,0.3423681,351.9429,2.314577,77.93713,LeftController
2/21/2017 2:04:48 PM:844,0.4557674,0.9242779,0.3379743,343.6884,358.6559,99.76316,LeftController
2/21/2017 2:04:48 PM:922,0.4761754,0.9561054,0.3329206,335.8739,0.2084905,100.0387,LeftController
2/21/2017 2:04:49 PM:2,0.4824324,0.9675227,0.3298816,334.1761,0.9318309,96.15018,LeftController
2/21/2017 2:04:49 PM:79,0.4653938,0.9782588,0.3183996,330.0266,358.9444,97.33023,LeftController
2/21/2017 2:04:49 PM:146,0.4430414,0.974017,0.3037748,322.5059,356.23,91.42139,LeftController
2/21/2017 2:04:49 PM:214,0.4139334,0.9578276,0.3057535,329.7537,351.2086,93.12303,LeftController
2/21/2017 2:04:49 PM:280,0.3731784,0.9448985,0.3041027,330.5877,338.0398,98.93587,LeftController
2/21/2017 2:04:49 PM:344,0.3490726,0.9499973,0.2826145,330.8894,335.7502,99.06341,LeftController
2/21/2017 2:04:49 PM:383,0.3424385,0.9510729,0.2749601,330.2888,335.8175,96.69382,LeftController
2/21/2017 2:04:49 PM:436,0.3377491,0.9472271,0.2650464,328.0796,336.8657,89.06096,LeftController
2/21/2017 2:04:49 PM:500,0.3373485,0.938646,0.2572973,327.8808,338.535,81.87958,LeftController
2/21/2017 2:04:49 PM:544,0.3375814,0.9316809,0.2530829,329.4181,339.9048,77.02396,LeftController
2/21/2017 2:04:49 PM:604,0.3373687,0.9244803,0.2441921,330.3299,340.2332,74.17352,LeftController
2/21/2017 2:04:49 PM:668,0.3376081,0.9218476,0.2352619,329.4928,339.2349,73.47671,LeftController
2/21/2017 2:04:49 PM:712,0.3370943,0.9186934,0.2290139,329.5633,338.346,72.65794,LeftController
2/21/2017 2:04:49 PM:772,0.3309798,0.913278,0.2229102,330.946,334.998,72.69592,LeftController
2/21/2017 2:04:49 PM:840,0.3165607,0.9096701,0.21875,331.9601,330.0182,74.07389,LeftController
2/21/2017 2:04:49 PM:890,0.3091671,0.9085952,0.2168824,332.5852,328.1644,74.8502,LeftController
2/21/2017 2:04:49 PM:936,0.3036196,0.9075392,0.2149176,333.0802,326.463,75.73311,LeftController
2/21/2017 2:04:49 PM:994,0.2969388,0.9062084,0.2116067,333.4702,324.3825,76.13144,LeftController
2/21/2017 2:04:50 PM:62,0.2904011,0.9045821,0.2057287,333.3203,322.614,76.85136,LeftController
2/21/2017 2:04:50 PM:113,0.2840158,0.9018769,0.2012754,333.8982,321.0388,78.2188,LeftController
2/21/2017 2:04:50 PM:147,0.2777736,0.8990959,0.1979561,334.7571,319.9539,78.98088,LeftController
2/21/2017 2:04:50 PM:182,0.2704951,0.8960694,0.1945621,335.7541,319.0883,79.22398,LeftController
2/21/2017 2:04:50 PM:219,0.2619078,0.8934612,0.1908406,336.5995,318.1538,79.10549,LeftController
2/21/2017 2:04:50 PM:258,0.2490731,0.8902642,0.1845434,337.5639,316.4266,78.674,LeftController
2/21/2017 2:04:50 PM:318,0.2254108,0.8859942,0.1722996,339.4324,313.1933,78.53361,LeftController
2/21/2017 2:04:50 PM:370,0.2070045,0.883285,0.162347,340.5897,310.8744,79.05643,LeftController
2/21/2017 2:04:50 PM:418,0.1889623,0.8800062,0.1527615,341.7036,308.6474,79.54618,LeftController
2/21/2017 2:04:50 PM:470,0.1654487,0.8742756,0.145818,344.3257,307.4475,77.99155,LeftController
2/21/2017 2:04:50 PM:531,0.1383444,0.8619075,0.1505735,350.3634,309.4481,67.34544,LeftController
2/21/2017 2:04:50 PM:594,0.121057,0.8405493,0.1659837,0.6335189,314.2638,46.13368,LeftController
2/21/2017 2:04:50 PM:633,0.1158235,0.8266609,0.1752962,7.207911,318.8332,33.49328,LeftController
2/21/2017 2:04:50 PM:687,0.1081218,0.808225,0.1973034,12.47373,324.8803,20.94685,LeftController
2/21/2017 2:04:50 PM:754,0.1065091,0.8131343,0.2390485,7.776396,331.9128,22.25751,LeftController
2/21/2017 2:04:50 PM:807,0.1086272,0.8149137,0.2771458,7.607082,337.1749,20.88566,LeftController
2/21/2017 2:04:50 PM:851,0.1142272,0.817344,0.3207259,5.24793,340.8614,18.72067,LeftController
2/21/2017 2:04:50 PM:899,0.123098,0.8257838,0.3837536,359.9883,345.53,13.98664,LeftController
2/21/2017 2:04:50 PM:967,0.1499685,0.8373774,0.466709,352.3333,356.8252,7.203962,LeftController
2/21/2017 2:04:51 PM:30,0.180779,0.8428986,0.5282971,349.7942,13.16783,359.9915,LeftController
2/21/2017 2:04:51 PM:75,0.2044344,0.8405871,0.5596826,349.735,24.40385,357.5684,LeftController
2/21/2017 2:04:51 PM:119,0.2407694,0.828512,0.5980763,353.5328,43.7286,353.9392,LeftController
2/21/2017 2:04:51 PM:179,0.2691066,0.8114299,0.6289998,358.8422,62.2409,358.539,LeftController
2/21/2017 2:04:51 PM:231,0.2762229,0.7955775,0.6510178,2.014493,67.19579,0.5979715,LeftController
2/21/2017 2:04:51 PM:267,0.2803605,0.7864182,0.6671841,3.715556,70.15614,359.6194,LeftController
2/21/2017 2:04:51 PM:303,0.2829062,0.7793279,0.6821012,5.07179,72.87786,358.9607,LeftController
2/21/2017 2:04:51 PM:357,0.2834001,0.7710723,0.7037741,4.70227,79.92147,357.0919,LeftController
2/21/2017 2:04:51 PM:424,0.2804977,0.7621567,0.7199923,4.167639,85.52438,357.171,LeftController
2/21/2017 2:04:51 PM:477,0.2791564,0.7534128,0.7262831,4.318068,88.88458,357.1811,LeftController
2/21/2017 2:04:51 PM:521,0.2780467,0.7455533,0.7327759,3.513993,91.26891,359.5418,LeftController
2/21/2017 2:04:51 PM:580,0.2774527,0.7336676,0.739692,2.595371,94.90206,358.4524,LeftController
2/21/2017 2:04:51 PM:648,0.2753659,0.7305063,0.7412277,358.0276,99.35916,354.4758,LeftController
2/21/2017 2:04:51 PM:701,0.2769779,0.7309259,0.7480214,355.988,100.164,357.7513,LeftController
2/21/2017 2:04:51 PM:759,0.2749661,0.7269487,0.758323,354.9222,103.293,356.9391,LeftController
2/21/2017 2:04:51 PM:804,0.2696269,0.7145166,0.7683189,358.0416,104.4459,2.897486,LeftController
2/21/2017 2:04:51 PM:871,0.2769439,0.6980262,0.7835501,356.5576,104.8885,3.688476,LeftController
2/21/2017 2:04:51 PM:938,0.2792788,0.690098,0.8010716,355.3164,97.35746,5.120113,LeftController
2/21/2017 2:04:51 PM:979,0.2699562,0.7047454,0.8125408,353.7912,91.22571,0.6979587,LeftController
2/21/2017 2:04:52 PM:39,0.2703862,0.7085061,0.8097757,352.7167,88.22379,348.1583,LeftController
2/21/2017 2:04:52 PM:92,0.2689958,0.7083739,0.8060735,351.5882,86.2383,346.2697,LeftController
2/21/2017 2:04:52 PM:133,0.2680087,0.70707,0.8031443,350.2587,84.518,344.3792,LeftController
2/21/2017 2:04:52 PM:184,0.2649608,0.7062653,0.7950878,347.9436,81.57368,341.219,LeftController
2/21/2017 2:04:52 PM:250,0.2635527,0.7023082,0.7901558,342.9224,77.71912,341.8673,LeftController
2/21/2017 2:04:52 PM:303,0.2693332,0.7058372,0.7934624,346.1468,79.28393,342.9836,LeftController
2/21/2017 2:04:52 PM:353,0.2704395,0.7068624,0.7931288,345.9098,78.52853,344.2579,LeftController
2/21/2017 2:04:52 PM:407,0.2748715,0.7071999,0.7957934,345.5929,76.32391,349.6369,LeftController
2/21/2017 2:04:52 PM:475,0.2830088,0.6862921,0.8015454,345.3347,76.36491,350.6514,LeftController
2/21/2017 2:04:52 PM:526,0.278286,0.6925222,0.8034297,344.4938,76.28526,350.3331,LeftController
2/21/2017 2:04:52 PM:571,0.2739891,0.6956652,0.8010876,344.3216,76.31887,350.286,LeftController
2/21/2017 2:04:52 PM:637,0.2735801,0.7026386,0.7995557,344.3471,76.37279,350.2432,LeftController
2/21/2017 2:04:52 PM:695,0.2732288,0.7033061,0.7989713,344.4313,76.41055,350.2068,LeftController
2/21/2017 2:04:52 PM:754,0.273522,0.702594,0.7994083,344.5238,76.41081,350.2234,LeftController
2/21/2017 2:04:52 PM:805,0.2738804,0.7022614,0.7992742,344.6113,76.40853,350.2154,LeftController
2/21/2017 2:04:52 PM:842,0.2735965,0.7027788,0.7993703,344.6458,76.40073,350.2415,LeftController
2/21/2017 2:04:52 PM:878,0.2736851,0.7027752,0.7993405,344.6921,76.40237,350.2387,LeftController
2/21/2017 2:04:52 PM:921,0.2735672,0.7025344,0.7990315,344.7512,76.39777,350.2395,LeftController
2/21/2017 2:04:52 PM:988,0.2739719,0.7024934,0.7991889,344.8706,76.39798,350.2436,LeftController
2/21/2017 2:04:53 PM:54,0.2743046,0.7025756,0.7993025,344.9618,76.39213,350.2404,LeftController
2/21/2017 2:04:53 PM:96,0.2741376,0.7028497,0.7991971,344.9991,76.38728,350.2374,LeftController
2/21/2017 2:04:53 PM:145,0.2741481,0.7028766,0.7995466,345.0537,76.38383,350.2582,LeftController
2/21/2017 2:04:53 PM:209,0.2744644,0.702932,0.7996843,345.1192,76.37609,350.2589,LeftController
2/21/2017 2:04:53 PM:252,0.2745835,0.7023408,0.7994509,345.1555,76.36553,350.2507,LeftController
2/21/2017 2:04:53 PM:301,0.2744529,0.7026393,0.7994405,345.1889,76.36296,350.2509,LeftController
2/21/2017 2:04:53 PM:401,0.2743752,0.7027141,0.799651,345.2555,76.34817,350.2601,LeftController
2/21/2017 2:04:53 PM:468,0.274405,0.7028468,0.7995391,345.2999,76.34464,350.2504,LeftController
2/21/2017 2:04:53 PM:520,0.2747557,0.7023854,0.7995274,345.3395,76.34054,350.2473,LeftController
2/21/2017 2:04:53 PM:560,0.2750084,0.702821,0.7994114,345.3586,76.33283,350.2452,LeftController
2/21/2017 2:04:53 PM:614,0.2748257,0.7026755,0.7994362,345.3667,76.32559,350.2424,LeftController
2/21/2017 2:04:53 PM:681,0.2749773,0.7028501,0.7994769,345.411,76.31513,350.2439,LeftController
2/21/2017 2:04:53 PM:733,0.2747649,0.7028371,0.7994245,345.4235,76.30927,350.2465,LeftController
2/21/2017 2:04:53 PM:772,0.2748659,0.7028756,0.7995743,345.4539,76.30469,350.2465,LeftController
2/21/2017 2:04:53 PM:812,0.2747072,0.7032448,0.7993001,345.4669,76.30437,350.2448,LeftController
2/21/2017 2:04:53 PM:870,0.273795,0.7039834,0.7990266,345.4538,76.30611,350.2517,LeftController
2/21/2017 2:04:53 PM:923,0.2728586,0.7046822,0.7987014,345.4366,76.31238,350.2481,LeftController
2/21/2017 2:04:53 PM:969,0.2717282,0.7054423,0.7981868,345.4269,76.31879,350.2483,LeftController
2/21/2017 2:04:54 PM:17,0.2701173,0.706697,0.7975485,345.4069,76.32481,350.2458,LeftController
2/21/2017 2:04:54 PM:82,0.2680691,0.7086561,0.7964724,345.4006,76.32516,350.246,LeftController
2/21/2017 2:04:54 PM:147,0.2658414,0.7103652,0.7954403,345.3966,76.3359,350.2335,LeftController
2/21/2017 2:04:54 PM:191,0.2642446,0.7118253,0.7948421,345.3909,76.33616,350.2373,LeftController
2/21/2017 2:04:54 PM:250,0.2749615,0.7030602,0.7994853,345.5613,76.26691,350.2267,LeftController
2/21/2017 2:04:54 PM:317,0.2748874,0.7032298,0.7991065,345.5984,76.2503,350.2157,LeftController
2/21/2017 2:04:54 PM:381,0.2752519,0.7029182,0.7992568,345.6387,76.23522,350.2118,LeftController
2/21/2017 2:04:54 PM:418,0.2752808,0.7029046,0.7992933,345.6476,76.23583,350.2109,LeftController
2/21/2017 2:04:54 PM:459,0.2750303,0.7027935,0.7995796,345.6411,76.23271,350.2173,LeftController
2/21/2017 2:04:54 PM:519,0.2753568,0.7028109,0.7993143,345.6689,76.21484,350.2047,LeftController
2/21/2017 2:04:54 PM:582,0.2753305,0.7030306,0.7993616,345.6674,76.21549,350.2,LeftController
2/21/2017 2:04:54 PM:621,0.2753019,0.7030762,0.7992961,345.6729,76.21352,350.1971,LeftController
2/21/2017 2:04:54 PM:675,0.2754182,0.7031404,0.7993134,345.6858,76.19875,350.1944,LeftController
2/21/2017 2:04:54 PM:738,0.2752136,0.703041,0.7994119,345.6838,76.19848,350.2006,LeftController
2/21/2017 2:04:54 PM:776,0.2752435,0.7029216,0.7995523,345.6821,76.19049,350.2063,LeftController
2/21/2017 2:04:54 PM:832,0.2752112,0.7029283,0.7993132,345.6873,76.18743,350.1899,LeftController
2/21/2017 2:04:54 PM:899,0.2751592,0.7027594,0.7996119,345.6854,76.18132,350.1906,LeftController
2/21/2017 2:04:54 PM:951,0.2753892,0.7027868,0.7993141,345.701,76.173,350.1703,LeftController
2/21/2017 2:04:55 PM:4,0.2752062,0.7028255,0.7993017,345.7045,76.1652,350.1753,LeftController
2/21/2017 2:04:55 PM:55,0.2754328,0.7030681,0.7993848,345.7122,76.15384,350.1762,LeftController
2/21/2017 2:04:55 PM:122,0.2753316,0.7029504,0.7995595,345.7196,76.15453,350.1674,LeftController
2/21/2017 2:04:55 PM:174,0.2752085,0.7031367,0.7993112,345.7299,76.14948,350.157,LeftController
2/21/2017 2:04:55 PM:218,0.2755406,0.7030001,0.7992481,345.7368,76.14008,350.1488,LeftController
2/21/2017 2:04:55 PM:267,0.2754261,0.7030826,0.7993336,345.7392,76.13997,350.1545,LeftController
2/21/2017 2:04:55 PM:332,0.2752428,0.7030381,0.7994252,345.7335,76.14437,350.1562,LeftController
2/21/2017 2:04:55 PM:375,0.2751852,0.7031291,0.7992661,345.7347,76.13642,350.1536,LeftController
2/21/2017 2:04:55 PM:423,0.2754115,0.7035275,0.7989675,345.7498,76.13259,350.142,LeftController
2/21/2017 2:04:55 PM:488,0.2755117,0.7044578,0.7987081,345.7498,76.1352,350.1458,LeftController
2/21/2017 2:04:55 PM:532,0.275598,0.7053634,0.7984881,345.7558,76.13519,350.1417,LeftController
2/21/2017 2:04:55 PM:590,0.2754996,0.703421,0.7992043,345.7702,76.13844,350.1547,LeftController
2/21/2017 2:04:55 PM:654,0.2756442,0.7032948,0.7992399,345.7718,76.13155,350.1497,LeftController
2/21/2017 2:04:55 PM:695,0.2755572,0.7030113,0.7992722,345.7627,76.12209,350.1567,LeftController
2/21/2017 2:04:55 PM:736,0.2752925,0.7028463,0.7994777,345.7548,76.12334,350.1634,LeftController
2/21/2017 2:04:55 PM:792,0.2754574,0.7031705,0.7993072,345.7569,76.114,350.1522,LeftController
2/21/2017 2:04:55 PM:859,0.2755153,0.7030759,0.7994382,345.7726,76.11372,350.1517,LeftController
2/21/2017 2:04:55 PM:913,0.2754529,0.7030156,0.7995206,345.7703,76.10808,350.1429,LeftController
2/21/2017 2:04:55 PM:955,0.2756497,0.7029264,0.7993263,345.7727,76.10292,350.1306,LeftController
2/21/2017 2:04:56 PM:4,0.2754421,0.7031161,0.7994365,345.7635,76.10104,350.1391,LeftController
2/21/2017 2:04:56 PM:69,0.2753234,0.7029614,0.7993414,345.7737,76.09597,350.1279,LeftController
2/21/2017 2:04:56 PM:117,0.2755073,0.7030023,0.7992564,345.7764,76.09214,350.1188,LeftController
2/21/2017 2:04:56 PM:173,0.2751113,0.7031349,0.7993302,345.7708,76.08949,350.1223,LeftController
2/21/2017 2:04:56 PM:238,0.2751819,0.7030813,0.799467,345.7762,76.08371,350.1302,LeftController
2/21/2017 2:04:56 PM:291,0.2752815,0.7029678,0.7993995,345.778,76.07563,350.1151,LeftController
2/21/2017 2:04:56 PM:336,0.275347,0.7031101,0.7992603,345.7861,76.07632,350.1087,LeftController
2/21/2017 2:04:56 PM:384,0.2756339,0.7031256,0.7989796,345.7968,76.07085,350.1023,LeftController
2/21/2017 2:04:56 PM:447,0.275659,0.702872,0.7993824,345.8018,76.06641,350.1099,LeftController
2/21/2017 2:04:56 PM:491,0.2755275,0.7028253,0.7993921,345.7995,76.06981,350.1112,LeftController
2/21/2017 2:04:56 PM:540,0.275341,0.7027622,0.7992635,345.7961,76.06666,350.105,LeftController
2/21/2017 2:04:56 PM:608,0.2753223,0.7031229,0.7993898,345.8048,76.06002,350.0992,LeftController
2/21/2017 2:04:56 PM:670,0.2754399,0.7032043,0.7992306,345.8099,76.05305,350.1029,LeftController
2/21/2017 2:04:56 PM:710,0.2754544,0.7030836,0.7991939,345.8098,76.05171,350.097,LeftController
2/21/2017 2:04:56 PM:752,0.2755704,0.7031316,0.7992007,345.8138,76.04307,350.0926,LeftController
