2/21/2017 1:28:37 PM:416,0,0,0,0,0,0,RightController
2/21/2017 1:28:37 PM:448,0.08913147,1.374781,-0.6769276,341.0988,252.0513,355.4879,RightController
2/21/2017 1:28:37 PM:504,0.08419394,1.377118,-0.6739258,343.205,254.4527,354.4018,RightController
2/21/2017 1:28:37 PM:700,0.07496238,1.383187,-0.6684847,345.7848,257.571,350.8587,RightController
2/21/2017 1:28:37 PM:724,0.07753456,1.384562,-0.6681304,345.3026,256.9996,351.0151,RightController
2/21/2017 1:28:37 PM:758,0.08087969,1.385095,-0.667595,344.7911,257.1712,351.0166,RightController
2/21/2017 1:28:37 PM:791,0.08379507,1.385097,-0.6668125,344.568,257.2603,351.5129,RightController
2/21/2017 1:28:37 PM:825,0.08576787,1.384363,-0.6663879,344.7612,257.097,352.246,RightController
2/21/2017 1:28:37 PM:859,0.08624184,1.3827,-0.6660652,344.9786,257.2495,352.1564,RightController
2/21/2017 1:28:37 PM:892,0.08623803,1.380574,-0.6657764,345.2697,256.5787,352.0435,RightController
2/21/2017 1:28:37 PM:925,0.08582282,1.378513,-0.6666156,345.5259,256.395,351.716,RightController
2/21/2017 1:28:37 PM:959,0.08554626,1.376448,-0.6672828,346.2155,256.6434,351.6967,RightController
2/21/2017 1:28:37 PM:993,0.08392596,1.375443,-0.6677953,346.8656,257.1071,352.0421,RightController
2/21/2017 1:28:38 PM:26,0.08362842,1.37338,-0.6679647,347.6267,257.5283,352.2707,RightController
2/21/2017 1:28:38 PM:59,0.08525109,1.372127,-0.6693858,348.234,257.3854,352.3964,RightController
2/21/2017 1:28:38 PM:93,0.08964801,1.372609,-0.6712105,348.0111,255.9885,352.2137,RightController
2/21/2017 1:28:38 PM:126,0.09587884,1.373631,-0.6732771,348.3632,253.9814,352.8049,RightController
2/21/2017 1:28:38 PM:168,0.1026422,1.375601,-0.6720617,347.9307,252.9865,352.9918,RightController
2/21/2017 1:28:38 PM:193,0.109342,1.378331,-0.6682515,347.3305,252.9732,353.0936,RightController
2/21/2017 1:28:38 PM:227,0.1173131,1.377701,-0.6672171,347.8275,251.6899,348.5136,RightController
2/21/2017 1:28:38 PM:260,0.1236235,1.378143,-0.6682374,348.8855,247.9772,351.3781,RightController
2/21/2017 1:28:38 PM:294,0.1291673,1.376852,-0.6662878,349.9053,246.4301,352.7902,RightController
2/21/2017 1:28:38 PM:328,0.1339453,1.375156,-0.662792,349.8648,246.4924,353.7992,RightController
2/21/2017 1:28:38 PM:361,0.1385882,1.374484,-0.6622413,347.3262,246.351,356.06,RightController
2/21/2017 1:28:38 PM:394,0.1448966,1.375532,-0.6664181,344.5208,245.0853,1.207254,RightController
2/21/2017 1:28:38 PM:428,0.1495776,1.374068,-0.6703438,343.3959,244.8851,5.814905,RightController
2/21/2017 1:28:38 PM:461,0.1513624,1.370036,-0.6723992,342.951,246.0507,9.709199,RightController
2/21/2017 1:28:38 PM:495,0.1535178,1.364683,-0.676252,341.7589,246.0235,14.03163,RightController
2/21/2017 1:28:38 PM:528,0.1563374,1.356618,-0.6877283,340.9353,245.8172,23.6213,RightController
2/21/2017 1:28:38 PM:562,0.1595048,1.339304,-0.7080384,339.9202,246.0986,35.8263,RightController
2/21/2017 1:28:38 PM:595,0.1645181,1.314725,-0.7355033,336.9373,245.7412,47.94146,RightController
2/21/2017 1:28:38 PM:638,0.1721941,1.282408,-0.7688748,328.9694,245.0621,63.43231,RightController
2/21/2017 1:28:38 PM:662,0.1784321,1.245604,-0.7979915,316.3132,240.7458,84.91361,RightController
2/21/2017 1:28:38 PM:696,0.1817529,1.208788,-0.8174014,302.4293,225.6695,115.98,RightController
2/21/2017 1:28:38 PM:729,0.1807665,1.180797,-0.8147417,290.3511,201.7372,153.3578,RightController
2/21/2017 1:28:38 PM:763,0.1725855,1.164111,-0.8044282,287.6031,177.3686,187.9103,RightController
2/21/2017 1:28:38 PM:802,0.1500038,1.160907,-0.7935268,286.5907,188.8279,194.646,RightController
2/21/2017 1:28:38 PM:830,0.1292739,1.158365,-0.7838812,289.5295,200.647,196.3357,RightController
2/21/2017 1:28:38 PM:864,0.1133516,1.157994,-0.7765222,293.8196,203.3595,210.0302,RightController
2/21/2017 1:28:38 PM:897,0.1017079,1.160326,-0.7715391,298.8796,201.1973,232.1744,RightController
2/21/2017 1:28:38 PM:938,0.09036565,1.160446,-0.7655772,308.4828,197.5688,255.5861,RightController
2/21/2017 1:28:38 PM:964,0.08004272,1.159994,-0.7616155,319.2377,197.6261,263.6577,RightController
2/21/2017 1:28:38 PM:998,0.06901407,1.162485,-0.7570807,326.0522,196.9488,266.7762,RightController
2/21/2017 1:28:39 PM:31,0.05844831,1.171151,-0.7500664,325.0903,199.2596,266.2129,RightController
2/21/2017 1:28:39 PM:64,0.04667759,1.178839,-0.738511,322.5404,202.8037,273.2955,RightController
2/21/2017 1:28:39 PM:106,0.03891778,1.181881,-0.733036,320.3591,201.2059,288.037,RightController
2/21/2017 1:28:39 PM:131,0.03820014,1.183031,-0.7300694,318.7182,194.1951,308.7228,RightController
2/21/2017 1:28:39 PM:165,0.03730202,1.183398,-0.7285768,319.944,189.3691,321.6287,RightController
2/21/2017 1:28:39 PM:199,0.03208971,1.186272,-0.7303602,322.941,189.4091,319.0547,RightController
2/21/2017 1:28:39 PM:232,0.01536703,1.190388,-0.7328205,325.9437,196.9679,302.7844,RightController
2/21/2017 1:28:39 PM:269,-0.005906343,1.190959,-0.7348793,332.3201,207.6404,288.5623,RightController
2/21/2017 1:28:39 PM:299,-0.02451432,1.184103,-0.7346183,342.3587,215.7539,278.6713,RightController
2/21/2017 1:28:39 PM:333,-0.03576219,1.182755,-0.7280256,348.36,222.4358,278.9872,RightController
2/21/2017 1:28:39 PM:366,-0.03754807,1.190044,-0.7220635,348.2016,224.8215,287.2279,RightController
2/21/2017 1:28:39 PM:400,-0.03058016,1.200863,-0.7143879,347.2256,225.7889,291.6205,RightController
2/21/2017 1:28:39 PM:433,-0.02227569,1.206452,-0.7086306,347.6385,223.9674,283.4131,RightController
2/21/2017 1:28:39 PM:467,-0.008828282,1.213217,-0.704075,346.1311,219.6322,281.5955,RightController
2/21/2017 1:28:39 PM:500,0.0007654428,1.216562,-0.6978576,345.5412,217.4608,277.0714,RightController
2/21/2017 1:28:39 PM:533,0.006262898,1.216427,-0.6942278,346.8878,215.2165,267.2803,RightController
2/21/2017 1:28:39 PM:575,0.008846998,1.216851,-0.6920649,347.4491,213.6022,264.7086,RightController
2/21/2017 1:28:39 PM:600,0.008697867,1.218113,-0.690583,346.3639,214.0271,267.6436,RightController
2/21/2017 1:28:39 PM:634,0.006865501,1.217527,-0.6904051,346.4246,214.6928,267.7561,RightController
2/21/2017 1:28:39 PM:668,0.00425601,1.214304,-0.6915418,347.784,215.3722,267.279,RightController
2/21/2017 1:28:39 PM:701,0.002307415,1.211673,-0.6930518,348.7694,215.2987,267.233,RightController
2/21/2017 1:28:39 PM:738,0.002222657,1.210646,-0.694277,348.9482,214.727,267.1285,RightController
2/21/2017 1:28:39 PM:768,0.00136888,1.208601,-0.6944854,350.2677,215.7803,267.3969,RightController
2/21/2017 1:28:39 PM:801,0.00165391,1.207858,-0.6947823,350.2948,215.6795,267.8898,RightController
2/21/2017 1:28:39 PM:835,0.003576279,1.20862,-0.6954474,349.9427,215.3688,268.5651,RightController
2/21/2017 1:28:39 PM:869,0.005728602,1.208906,-0.6958708,350.3747,214.4072,268.5732,RightController
2/21/2017 1:28:39 PM:913,0.01075351,1.210415,-0.6982721,350.0948,212.4525,269.5883,RightController
2/21/2017 1:28:39 PM:962,0.01081538,1.213292,-0.6959875,347.9709,214.355,270.1937,RightController
2/21/2017 1:28:40 PM:25,0.01784885,1.214863,-0.6972011,347.368,212.1212,269.7644,RightController
2/21/2017 1:28:40 PM:58,0.02293229,1.215783,-0.6983596,347.0888,211.2827,270.0574,RightController
2/21/2017 1:28:40 PM:92,0.0264014,1.218238,-0.698911,345.9281,212.0821,271.1639,RightController
2/21/2017 1:28:40 PM:125,0.0298444,1.219477,-0.7000778,344.7307,212.0612,271.728,RightController
2/21/2017 1:28:40 PM:159,0.03712976,1.220769,-0.7024511,342.5273,209.6728,272.2028,RightController
2/21/2017 1:28:40 PM:201,0.04461634,1.220591,-0.7045058,341.0632,208.5241,272.2725,RightController
2/21/2017 1:28:40 PM:226,0.05429435,1.219707,-0.7079118,339.0949,206.0686,272.7714,RightController
2/21/2017 1:28:40 PM:259,0.06907308,1.217835,-0.713696,338.1153,201.8599,273.3362,RightController
2/21/2017 1:28:40 PM:293,0.08292866,1.215082,-0.7178645,336.9543,199.4707,274.9716,RightController
2/21/2017 1:28:40 PM:326,0.09630239,1.212532,-0.7214657,335.1657,197.4725,276.6945,RightController
2/21/2017 1:28:40 PM:360,0.112164,1.208447,-0.7251949,333.4893,192.2554,277.6445,RightController
2/21/2017 1:28:40 PM:393,0.1300209,1.202419,-0.7288189,332.7585,185.9712,279.6911,RightController
2/21/2017 1:28:40 PM:427,0.1484855,1.194836,-0.7322019,332.455,179.3581,280.4466,RightController
2/21/2017 1:28:40 PM:460,0.1669477,1.186697,-0.7347214,332.3461,173.1458,282.3706,RightController
2/21/2017 1:28:40 PM:494,0.1855323,1.178272,-0.7371165,332.4477,167.0889,284.7937,RightController
2/21/2017 1:28:40 PM:538,0.2111676,1.166125,-0.7415085,333.3914,159.2451,287.4176,RightController
2/21/2017 1:28:40 PM:587,0.2446395,1.14863,-0.7494613,336.9422,150.5854,289.4135,RightController
2/21/2017 1:28:40 PM:650,0.281601,1.131253,-0.7580473,340.1082,145.2839,295.333,RightController
2/21/2017 1:28:40 PM:684,0.3073778,1.122365,-0.7586114,340.2516,142.0785,300.5807,RightController
2/21/2017 1:28:40 PM:717,0.3363342,1.115395,-0.7549151,339.7633,138.4518,304.2095,RightController
2/21/2017 1:28:40 PM:751,0.3669363,1.109555,-0.7474496,339.2984,134.8758,307.3162,RightController
2/21/2017 1:28:40 PM:784,0.4007689,1.105816,-0.7355231,339.0042,131.1653,310.2159,RightController
2/21/2017 1:28:40 PM:826,0.43704,1.103609,-0.7189697,339.136,128.0365,312.5233,RightController
2/21/2017 1:28:40 PM:862,0.4863069,1.102267,-0.6926126,339.5514,123.4426,310.9403,RightController
2/21/2017 1:28:40 PM:922,0.5624173,1.107724,-0.6450896,338.6188,114.3632,306.7726,RightController
2/21/2017 1:28:40 PM:982,0.6117837,1.118577,-0.6085681,334.956,109.7064,305.7993,RightController
2/21/2017 1:28:41 PM:8,0.6484571,1.127356,-0.5816224,332.2062,106.5252,305.8475,RightController
2/21/2017 1:28:41 PM:41,0.6868999,1.135446,-0.5525451,330.0647,102.0776,306.788,RightController
2/21/2017 1:28:41 PM:75,0.7272475,1.142035,-0.5245699,328.3345,98.88431,304.279,RightController
2/21/2017 1:28:41 PM:108,0.7686145,1.146415,-0.5001116,326.3008,96.58401,299.4698,RightController
2/21/2017 1:28:41 PM:146,0.8108366,1.148564,-0.4779755,323.1898,94.59342,299.3416,RightController
2/21/2017 1:28:41 PM:175,0.852272,1.150176,-0.4613964,319.8352,96.61996,298.5229,RightController
2/21/2017 1:28:41 PM:209,0.8910065,1.149024,-0.4575042,321.1857,107.3494,280.3266,RightController
2/21/2017 1:28:41 PM:242,0.9249644,1.144781,-0.4532729,326.0114,114.4498,266.3723,RightController
2/21/2017 1:28:41 PM:276,0.9634285,1.144023,-0.4395683,327.0535,112.4597,261.1314,RightController
2/21/2017 1:28:41 PM:309,1.002668,1.145318,-0.4175557,325.9509,107.3386,267.9986,RightController
2/21/2017 1:28:41 PM:343,1.042436,1.144328,-0.3942173,323.9886,100.351,279.8199,RightController
2/21/2017 1:28:41 PM:376,1.081411,1.139869,-0.371848,323.1044,91.96857,291.3547,RightController
2/21/2017 1:28:41 PM:410,1.123132,1.127139,-0.357554,325.6508,88.09144,291.643,RightController
2/21/2017 1:28:41 PM:451,1.16466,1.110666,-0.3490636,327.519,87.68089,293.8122,RightController
2/21/2017 1:28:41 PM:477,1.206729,1.091544,-0.3407734,328.2966,86.03068,303.194,RightController
2/21/2017 1:28:41 PM:510,1.254161,1.071193,-0.3276483,330.6015,80.52458,317.5314,RightController
2/21/2017 1:28:41 PM:544,1.300495,1.046807,-0.3120713,333.9822,73.39966,335.2722,RightController
2/21/2017 1:28:41 PM:577,1.342747,1.022799,-0.2977247,337.9782,66.26478,350.738,RightController
2/21/2017 1:28:41 PM:614,1.384133,1.003699,-0.2853311,340.8373,60.70736,359.5375,RightController
2/21/2017 1:28:41 PM:644,1.424425,0.9949623,-0.272291,336.6158,54.65816,1.954066,RightController
2/21/2017 1:28:41 PM:678,1.461368,0.9937478,-0.2653514,326.8539,50.92425,0.7310908,RightController
2/21/2017 1:28:41 PM:711,1.49968,0.9891045,-0.2660505,317.3405,50.51896,352.0266,RightController
2/21/2017 1:28:41 PM:745,1.546558,0.9801489,-0.2641858,312.1591,53.16682,334.3446,RightController
2/21/2017 1:28:41 PM:782,1.602062,0.9694089,-0.2528134,312.1695,59.80868,315.1736,RightController
2/21/2017 1:28:41 PM:812,1.658889,0.9528798,-0.2299575,315.177,62.95886,314.9089,RightController
2/21/2017 1:28:41 PM:845,1.711228,0.9327776,-0.2052722,318.7136,62.38797,316.5567,RightController
2/21/2017 1:28:41 PM:879,1.75672,0.9137917,-0.1794164,321.6833,57.82889,319.3558,RightController
2/21/2017 1:28:41 PM:920,1.794626,0.8962328,-0.1549356,324.8173,50.36806,320.6195,RightController
2/21/2017 1:28:41 PM:946,1.829353,0.878242,-0.1332354,328.9093,43.63315,328.6748,RightController
2/21/2017 1:28:41 PM:979,1.856881,0.8598609,-0.1138037,334.5732,40.25036,339.5176,RightController
2/21/2017 1:28:42 PM:13,1.880679,0.8420824,-0.09568019,340.3607,38.62977,343.9902,RightController
2/21/2017 1:28:42 PM:46,1.898034,0.8238961,-0.08039564,344.819,35.13756,343.1498,RightController
2/21/2017 1:28:42 PM:81,1.910877,0.8054754,-0.06771055,348.7019,30.28435,344.3436,RightController
2/21/2017 1:28:42 PM:114,1.917757,0.7882925,-0.05414157,352.786,23.29302,350.3789,RightController
2/21/2017 1:28:42 PM:147,1.92071,0.7723087,-0.04203959,356.3789,16.08729,350.5186,RightController
2/21/2017 1:28:42 PM:181,1.921904,0.7573662,-0.03124049,359.3756,10.09087,349.9039,RightController
2/21/2017 1:28:42 PM:214,1.921347,0.7433847,-0.02353352,1.377352,6.466732,349.578,RightController
2/21/2017 1:28:42 PM:248,1.921778,0.7307394,-0.0173801,2.413611,4.196009,347.5563,RightController
2/21/2017 1:28:42 PM:281,1.923921,0.7245923,-0.01037422,1.154667,1.554375,348.1701,RightController
2/21/2017 1:28:42 PM:315,1.92718,0.7248967,-0.002005979,358.7502,359.8837,350.0054,RightController
2/21/2017 1:28:42 PM:348,1.931041,0.7219815,0.003097232,0.5739534,1.300323,347.9159,RightController
2/21/2017 1:28:42 PM:390,1.932951,0.7210233,0.007550046,2.241616,359.1535,345.7083,RightController
2/21/2017 1:28:42 PM:415,1.932859,0.7186259,0.009131365,1.687324,357.7049,341.7384,RightController
2/21/2017 1:28:42 PM:449,1.933529,0.7149388,0.009714074,1.885423,357.3169,341.8292,RightController
2/21/2017 1:28:42 PM:482,1.93417,0.7122571,0.007653959,4.640027,357.8758,340.2331,RightController
2/21/2017 1:28:42 PM:516,1.93513,0.7062063,0.006119464,7.513911,355.5719,338.7577,RightController
2/21/2017 1:28:42 PM:553,1.933283,0.7007792,0.0012522,12.32026,355.0973,337.7123,RightController
2/21/2017 1:28:42 PM:583,1.92959,0.69985,-0.008818008,14.50728,353.7,335.0847,RightController
2/21/2017 1:28:42 PM:616,1.927445,0.7017764,0.007404517,15.12595,356.5547,328.6822,RightController
2/21/2017 1:28:42 PM:650,1.929415,0.7029798,0.005768076,15.92715,359.9712,326.5836,RightController
2/21/2017 1:28:42 PM:683,1.926803,0.7045865,0.004060995,15.76174,359.8416,324.5148,RightController
2/21/2017 1:28:42 PM:720,1.923274,0.7056178,0.0001012646,16.30177,359.9631,323.3945,RightController
2/21/2017 1:28:42 PM:750,1.921597,0.707713,-0.005124256,16.78283,359.862,322.9296,RightController
2/21/2017 1:28:42 PM:784,1.919546,0.7095689,-0.008737132,17.6196,358.513,322.6719,RightController
2/21/2017 1:28:42 PM:817,1.91723,0.7116395,-0.01532224,18.32609,357.6125,322.1008,RightController
2/21/2017 1:28:42 PM:866,1.91326,0.7147355,-0.02407039,17.55648,357.7373,320.6577,RightController
2/21/2017 1:28:42 PM:896,1.907938,0.7229892,-0.03575036,13.62767,358.8221,319.3967,RightController
2/21/2017 1:28:42 PM:955,1.897711,0.7477798,-0.05365922,8.263889,0.9736081,316.1168,RightController
2/21/2017 1:28:43 PM:15,1.888198,0.7701385,-0.0710576,5.080718,4.044733,312.383,RightController
2/21/2017 1:28:43 PM:41,1.878976,0.7912467,-0.08649673,1.602069,5.651275,309.2563,RightController
2/21/2017 1:28:43 PM:74,1.879403,0.8155746,-0.09286515,357.6156,7.540401,306.2537,RightController
2/21/2017 1:28:43 PM:108,1.868662,0.806071,-0.1097793,352.0754,10.41291,304.665,RightController
2/21/2017 1:28:43 PM:141,1.849729,0.8325688,-0.1272373,348.1374,14.23665,303.0092,RightController
2/21/2017 1:28:43 PM:176,1.828921,0.8567504,-0.1508663,343.7804,18.04484,302.0724,RightController
2/21/2017 1:28:43 PM:209,1.79898,0.8808039,-0.1792371,337.9562,21.0115,301.3533,RightController
2/21/2017 1:28:43 PM:242,1.759996,0.9043339,-0.2096348,332.1869,22.35369,301.4956,RightController
2/21/2017 1:28:43 PM:275,1.716384,0.9272094,-0.2427691,327.8496,23.6241,301.6657,RightController
2/21/2017 1:28:43 PM:309,1.668542,0.9469625,-0.2765826,323.8616,24.9889,301.767,RightController
2/21/2017 1:28:43 PM:346,1.6157,0.9646841,-0.3107778,319.4334,27.15399,301.5263,RightController
2/21/2017 1:28:43 PM:376,1.558819,0.9800909,-0.3428254,315.7822,30.79038,299.3841,RightController
2/21/2017 1:28:43 PM:410,1.500734,0.9922259,-0.3720929,313.5938,36.7392,293.9534,RightController
2/21/2017 1:28:43 PM:443,1.443689,0.9995414,-0.3966071,313.5675,44.93639,286.4474,RightController
2/21/2017 1:28:43 PM:484,1.389563,1.009516,-0.4177437,314.9995,53.49035,279.2197,RightController
2/21/2017 1:28:43 PM:510,1.336722,1.020427,-0.4343183,316.9045,60.05018,275.4885,RightController
2/21/2017 1:28:43 PM:543,1.28354,1.032806,-0.4462808,316.3114,62.89167,274.5404,RightController
2/21/2017 1:28:43 PM:577,1.233041,1.045282,-0.4580647,315.2018,65.85188,273.1936,RightController
2/21/2017 1:28:43 PM:611,1.189053,1.057342,-0.4692115,314.7606,68.27364,273.3461,RightController
2/21/2017 1:28:43 PM:646,1.147515,1.070632,-0.4783771,312.8613,69.93261,275.3494,RightController
2/21/2017 1:28:43 PM:677,1.109143,1.084359,-0.4863698,310.9456,69.98586,278.3636,RightController
2/21/2017 1:28:43 PM:711,1.074702,1.09749,-0.4935345,309.4581,70.02383,282.2084,RightController
2/21/2017 1:28:43 PM:744,1.041661,1.110046,-0.5007983,307.9761,69.26649,287.05,RightController
2/21/2017 1:28:43 PM:778,1.00993,1.122316,-0.508312,305.9425,68.49693,292.3498,RightController
2/21/2017 1:28:43 PM:823,0.9682667,1.139023,-0.5198468,303.8354,68.01389,298.9561,RightController
2/21/2017 1:28:43 PM:871,0.9160337,1.158285,-0.5307553,303.7494,60.72544,315.4881,RightController
2/21/2017 1:28:43 PM:935,0.8611605,1.170486,-0.5331466,310.7842,40.57836,345.4306,RightController
2/21/2017 1:28:43 PM:973,0.8269994,1.17269,-0.5341715,319.1657,31.56728,358.5537,RightController
2/21/2017 1:28:44 PM:1,0.7958748,1.172065,-0.5369726,329.073,28.52514,5.0223,RightController
2/21/2017 1:28:44 PM:35,0.7668633,1.168267,-0.5391203,338.7472,29.18147,5.909451,RightController
2/21/2017 1:28:44 PM:74,0.7403364,1.161734,-0.5437453,345.7076,31.94226,4.27334,RightController
2/21/2017 1:28:44 PM:111,0.7155588,1.155182,-0.5470781,350.6301,34.13018,2.473269,RightController
2/21/2017 1:28:44 PM:138,0.6879363,1.146068,-0.5508535,356.1423,35.42744,359.2417,RightController
2/21/2017 1:28:44 PM:169,0.6549351,1.138099,-0.5558292,358.9641,36.51348,357.1954,RightController
2/21/2017 1:28:44 PM:202,0.6261911,1.134613,-0.5637987,0.6431842,39.90398,355.0668,RightController
2/21/2017 1:28:44 PM:236,0.5993536,1.137518,-0.5694197,1.098233,42.0027,356.9696,RightController
2/21/2017 1:28:44 PM:276,0.5717878,1.140141,-0.5726016,2.849513,44.68474,356.0001,RightController
2/21/2017 1:28:44 PM:303,0.5446517,1.141509,-0.5698401,6.274275,44.95275,354.7515,RightController
2/21/2017 1:28:44 PM:336,0.5200334,1.141624,-0.565256,10.17156,45.42314,352.3471,RightController
2/21/2017 1:28:44 PM:370,0.4973192,1.139359,-0.5599703,14.13101,45.29175,349.0413,RightController
2/21/2017 1:28:44 PM:411,0.4778124,1.134814,-0.5544772,17.93518,44.39694,344.9355,RightController
2/21/2017 1:28:44 PM:443,0.4608506,1.129372,-0.5500847,20.69061,43.85283,341.071,RightController
2/21/2017 1:28:44 PM:470,0.4468882,1.125053,-0.5470606,22.00217,43.98361,338.8623,RightController
2/21/2017 1:28:44 PM:504,0.4369528,1.123911,-0.5450212,21.76175,45.2547,338.1713,RightController
2/21/2017 1:28:44 PM:537,0.4276658,1.123852,-0.5443338,21.87034,48.31417,337.576,RightController
2/21/2017 1:28:44 PM:574,0.4171361,1.125732,-0.5437365,22.51209,52.04583,335.6335,RightController
2/21/2017 1:28:44 PM:604,0.4044404,1.12781,-0.5436655,23.40129,54.56757,332.0442,RightController
2/21/2017 1:28:44 PM:638,0.3882158,1.128766,-0.5395923,24.88976,53.97449,331.0985,RightController
2/21/2017 1:28:44 PM:671,0.3766958,1.130823,-0.5375186,24.44854,55.99857,331.8735,RightController
2/21/2017 1:28:44 PM:732,0.3606203,1.137502,-0.5363119,21.03185,59.70641,331.887,RightController
2/21/2017 1:28:44 PM:787,0.3453696,1.161813,-0.5401014,18.77955,71.3536,335.3825,RightController
2/21/2017 1:28:44 PM:850,0.3373679,1.193401,-0.5255589,8.925015,78.95176,358.3495,RightController
2/21/2017 1:28:44 PM:887,0.3297073,1.221569,-0.5186054,357.4649,87.47474,11.87481,RightController
2/21/2017 1:28:44 PM:917,0.3188324,1.245504,-0.5046446,345.2656,93.132,14.81716,RightController
2/21/2017 1:28:44 PM:955,0.311024,1.265813,-0.4871747,335.0829,94.54339,17.07521,RightController
2/21/2017 1:28:44 PM:984,0.3012043,1.284132,-0.46782,323.6667,92.89323,24.71875,RightController
2/21/2017 1:28:45 PM:18,0.2825538,1.296614,-0.4471264,309.6823,93.09383,31.73971,RightController
2/21/2017 1:28:45 PM:78,0.2435298,1.297098,-0.4106517,282.6499,99.85072,33.93066,RightController
2/21/2017 1:28:45 PM:133,0.1939919,1.252696,-0.3599415,295.6588,285.7888,222.5338,RightController
2/21/2017 1:28:45 PM:205,0.169229,1.191534,-0.3217136,322.7109,286.6183,233.3402,RightController
2/21/2017 1:28:45 PM:234,0.1693602,1.163619,-0.2999367,331.7682,289.5392,243.7332,RightController
2/21/2017 1:28:45 PM:263,0.1755785,1.152912,-0.2860869,330.6595,290.709,254.5225,RightController
2/21/2017 1:28:45 PM:297,0.1890682,1.148279,-0.2759396,328.1019,292.066,263.8767,RightController
2/21/2017 1:28:45 PM:331,0.2003412,1.148386,-0.2661489,326.588,292.6112,272.5094,RightController
2/21/2017 1:28:45 PM:370,0.2063757,1.150004,-0.2536915,326.9322,293.6593,269.3208,RightController
2/21/2017 1:28:45 PM:413,0.2140248,1.157146,-0.2287086,327.5399,299.4067,261.0296,RightController
2/21/2017 1:28:45 PM:476,0.2226173,1.16,-0.192387,332.3244,311.0688,246.7813,RightController
2/21/2017 1:28:45 PM:512,0.2230808,1.152242,-0.1704415,339.5394,316.6798,241.2413,RightController
2/21/2017 1:28:45 PM:543,0.2213918,1.139393,-0.1496012,345.7799,321.821,241.0292,RightController
2/21/2017 1:28:45 PM:577,0.2211535,1.125003,-0.1368665,351.3982,328.4467,246.6259,RightController
2/21/2017 1:28:45 PM:610,0.2189369,1.112611,-0.1296436,355.0738,331.678,252.1394,RightController
2/21/2017 1:28:45 PM:644,0.2147802,1.110055,-0.1259219,354.7847,328.086,261.6518,RightController
2/21/2017 1:28:45 PM:682,0.2063972,1.117698,-0.1262677,351.9209,320.3377,274.9273,RightController
2/21/2017 1:28:45 PM:711,0.1980166,1.127631,-0.126908,349.3806,310.3105,288.4508,RightController
2/21/2017 1:28:45 PM:744,0.1892408,1.143422,-0.1277302,345.881,299.7728,296.4742,RightController
2/21/2017 1:28:45 PM:789,0.1866201,1.163806,-0.1223242,339.5079,294.4001,302.9207,RightController
2/21/2017 1:28:45 PM:841,0.1957915,1.19386,-0.112862,321.1031,294.2112,314.8861,RightController
2/21/2017 1:28:45 PM:904,0.2049572,1.219648,-0.1170224,297.6388,274.2266,353.8802,RightController
2/21/2017 1:28:45 PM:968,0.20322,1.229539,-0.1099047,294.1804,263.6309,5.699648,RightController
2/21/2017 1:28:46 PM:12,0.1962816,1.233245,-0.09780222,295.4195,266.178,0.1977212,RightController
2/21/2017 1:28:46 PM:61,0.1844112,1.235248,-0.07981262,301.3889,275.8744,345.725,RightController
2/21/2017 1:28:46 PM:124,0.1732013,1.23054,-0.06703217,309.5302,280.1295,332.8813,RightController
2/21/2017 1:28:46 PM:162,0.1700015,1.227378,-0.05802195,313.7659,284.2485,320.0837,RightController
2/21/2017 1:28:46 PM:191,0.1674957,1.223359,-0.04696362,319.0611,288.0053,305.0936,RightController
2/21/2017 1:28:46 PM:225,0.1647853,1.216741,-0.03372947,325.6438,291.3741,287.0277,RightController
2/21/2017 1:28:46 PM:258,0.1615567,1.206877,-0.01991098,333.1988,294.1938,270.6537,RightController
2/21/2017 1:28:46 PM:300,0.1589303,1.195626,-0.009623028,340.2941,295.6588,259.5062,RightController
2/21/2017 1:28:46 PM:332,0.1570022,1.185487,-0.002986729,345.7914,296.126,252.1586,RightController
2/21/2017 1:28:46 PM:385,0.156796,1.173945,-0.001478847,352.1149,293.8075,239.9799,RightController
2/21/2017 1:28:46 PM:449,0.161243,1.183424,-0.007211499,346.8818,292.1861,241.0678,RightController
2/21/2017 1:28:46 PM:493,0.1628489,1.189395,-0.01246856,344.0103,290.7266,238.9894,RightController
2/21/2017 1:28:46 PM:541,0.1602591,1.19439,-0.02318343,342.2029,287.414,237.6771,RightController
2/21/2017 1:28:46 PM:605,0.155198,1.20009,-0.03766317,341.0189,284.0962,240.3281,RightController
2/21/2017 1:28:46 PM:643,0.1544614,1.203656,-0.04675157,340.1365,282.5608,241.3176,RightController
2/21/2017 1:28:46 PM:672,0.1536255,1.20886,-0.05764557,337.9362,280.4634,243.6207,RightController
2/21/2017 1:28:46 PM:705,0.1541449,1.213948,-0.06952883,334.9296,278.0634,247.0479,RightController
2/21/2017 1:28:46 PM:739,0.1551843,1.217439,-0.07997286,332.92,276.1499,248.9167,RightController
2/21/2017 1:28:46 PM:780,0.1556726,1.218385,-0.08797002,332.088,274.7392,248.5849,RightController
2/21/2017 1:28:46 PM:811,0.1563617,1.217458,-0.09441301,331.493,273.7042,247.7093,RightController
2/21/2017 1:28:46 PM:839,0.1568462,1.215279,-0.09950167,330.9322,272.6819,246.94,RightController
2/21/2017 1:28:46 PM:872,0.1562334,1.210777,-0.1035219,331.1381,271.8894,244.8305,RightController
2/21/2017 1:28:46 PM:906,0.1547974,1.205211,-0.1071575,332.0708,271.0462,243.199,RightController
2/21/2017 1:28:46 PM:952,0.1514835,1.197082,-0.1120046,333.358,269.9721,242.4988,RightController
2/21/2017 1:28:46 PM:999,0.1448581,1.188471,-0.1199316,335.9827,268.3118,245.6155,RightController
2/21/2017 1:28:47 PM:62,0.1366656,1.183462,-0.1270888,337.7873,267.9676,247.6221,RightController
2/21/2017 1:28:47 PM:107,0.1317543,1.181153,-0.1318264,338.7326,267.8558,247.7614,RightController
2/21/2017 1:28:47 PM:155,0.1271628,1.180014,-0.1383377,339.2913,267.676,247.0066,RightController
2/21/2017 1:28:47 PM:218,0.1250907,1.180219,-0.1430148,338.8242,267.6816,245.5817,RightController
2/21/2017 1:28:47 PM:255,0.124413,1.179897,-0.1450621,338.5549,267.6164,244.649,RightController
2/21/2017 1:28:47 PM:286,0.1234488,1.178823,-0.1471051,338.5396,267.4465,244.2806,RightController
2/21/2017 1:28:47 PM:319,0.1222664,1.177592,-0.1492613,338.6134,267.2285,244.2197,RightController
2/21/2017 1:28:47 PM:352,0.1206198,1.175989,-0.1512632,338.7279,266.957,244.8614,RightController
2/21/2017 1:28:47 PM:386,0.1194692,1.174958,-0.1530242,338.6331,266.7368,246.1066,RightController
2/21/2017 1:28:47 PM:430,0.1177367,1.173396,-0.1545141,338.5049,266.7437,248.4189,RightController
2/21/2017 1:28:47 PM:479,0.1160145,1.172662,-0.1550025,338.186,267.3939,251.2331,RightController
2/21/2017 1:28:47 PM:542,0.1161056,1.175331,-0.1543227,336.8828,268.5967,253.8682,RightController
2/21/2017 1:28:47 PM:587,0.1171736,1.176373,-0.1542396,336.6365,268.9871,253.9619,RightController
2/21/2017 1:28:47 PM:635,0.1191777,1.178281,-0.1539205,336.0294,268.9727,253.0067,RightController
2/21/2017 1:28:47 PM:699,0.1209086,1.180753,-0.1530219,335.0652,268.835,252.9346,RightController
2/21/2017 1:28:47 PM:736,0.1215497,1.181375,-0.1520808,334.8038,268.6216,253.1422,RightController
2/21/2017 1:28:47 PM:766,0.1214253,1.181408,-0.1510975,334.816,268.3953,253.6246,RightController
2/21/2017 1:28:47 PM:799,0.121262,1.180872,-0.1497782,335.1452,268.3645,254.0272,RightController
2/21/2017 1:28:47 PM:833,0.1210606,1.180395,-0.1474458,335.2917,268.7985,254.0683,RightController
2/21/2017 1:28:47 PM:874,0.1218891,1.180243,-0.1450669,335.1804,269.1892,254.0841,RightController
2/21/2017 1:28:47 PM:903,0.123305,1.180066,-0.1431135,335.0086,269.5307,254.0764,RightController
2/21/2017 1:28:47 PM:933,0.1245896,1.179624,-0.1413396,334.8858,269.8326,254.1891,RightController
2/21/2017 1:28:47 PM:967,0.1259387,1.178985,-0.1397234,334.9013,270.0437,254.2938,RightController
2/21/2017 1:28:48 PM:0,0.1269232,1.178023,-0.1386725,335.0916,269.9392,254.7658,RightController
2/21/2017 1:28:48 PM:47,0.1273211,1.176661,-0.137475,335.5453,269.8547,255.3915,RightController
2/21/2017 1:28:48 PM:78,0.1283858,1.175569,-0.1350687,336.393,270.2678,256.614,RightController
2/21/2017 1:28:48 PM:138,0.1336634,1.176196,-0.1307289,336.4024,270.6235,257.9141,RightController
2/21/2017 1:28:48 PM:198,0.1386719,1.179098,-0.1275543,335.355,270.4636,258.3171,RightController
2/21/2017 1:28:48 PM:235,0.1430975,1.181048,-0.1224323,334.7303,271.007,258.2954,RightController
2/21/2017 1:28:48 PM:283,0.1469185,1.181763,-0.1148608,334.1252,271.9382,258.1844,RightController
2/21/2017 1:28:48 PM:347,0.1483245,1.179509,-0.1072882,334.7773,273.2969,258.5781,RightController
2/21/2017 1:28:48 PM:394,0.1489327,1.17756,-0.1027089,335.5569,274.3042,259.4868,RightController
2/21/2017 1:28:48 PM:439,0.1510086,1.177414,-0.09826481,335.8091,275.1648,260.993,RightController
2/21/2017 1:28:48 PM:503,0.1561391,1.179608,-0.09468736,335.3212,275.8727,261.025,RightController
2/21/2017 1:28:48 PM:541,0.1623477,1.17932,-0.09259465,334.6766,276.2031,260.7501,RightController
2/21/2017 1:28:48 PM:570,0.1632261,1.181631,-0.09031274,334.1145,276.5557,260.7864,RightController
2/21/2017 1:28:48 PM:603,0.1660981,1.180958,-0.0881829,333.6703,276.7205,261.4086,RightController
2/21/2017 1:28:48 PM:637,0.1676611,1.179656,-0.08605342,333.5611,276.6878,262.4896,RightController
2/21/2017 1:28:48 PM:678,0.1678311,1.177498,-0.08348326,333.9133,276.6969,263.7422,RightController
2/21/2017 1:28:48 PM:722,0.1669806,1.173412,-0.07762664,334.7441,277.6796,265.01,RightController
2/21/2017 1:28:48 PM:763,0.1656407,1.16894,-0.06773513,335.4447,279.2735,267.3489,RightController
2/21/2017 1:28:48 PM:831,0.1684943,1.168728,-0.05066428,332.6183,283.988,279.1143,RightController
2/21/2017 1:28:48 PM:894,0.174173,1.172965,-0.03779983,325.8268,286.927,297.635,RightController
2/21/2017 1:28:48 PM:995,0.178525,1.170968,-0.02952695,317.3508,280.0793,333.1135,RightController
2/21/2017 1:28:49 PM:76,0.1761961,1.144853,-0.03590341,319.9165,258.5824,15.88912,RightController
2/21/2017 1:28:49 PM:144,0.1772991,1.116601,-0.03877277,328.7292,249.5045,22.88047,RightController
2/21/2017 1:28:49 PM:210,0.1798518,1.100929,-0.01772859,330.4467,257.148,10.92416,RightController
2/21/2017 1:28:49 PM:311,0.1885431,1.09288,0.005703524,329.9323,264.2122,5.172137,RightController
2/21/2017 1:28:49 PM:430,0.1939853,1.10511,0.02063038,323.9041,277.6106,344.0521,RightController
2/21/2017 1:28:49 PM:498,0.2090721,1.128815,0.0330737,312.5005,298.2576,320.0327,RightController
2/21/2017 1:28:49 PM:542,0.2344047,1.144233,0.05046244,309.0067,328.8163,284.9917,RightController
2/21/2017 1:28:49 PM:576,0.250008,1.148129,0.05995538,311.0225,345.0826,267.3784,RightController
2/21/2017 1:28:49 PM:609,0.2574753,1.150634,0.06510921,313.2001,353.6327,258.8238,RightController
2/21/2017 1:28:49 PM:648,0.2586484,1.152936,0.06793591,315.1127,357.9363,254.3678,RightController
2/21/2017 1:28:49 PM:699,0.2541128,1.157187,0.0702896,316.6097,0.1003582,253.1949,RightController
2/21/2017 1:28:49 PM:747,0.2508307,1.160136,0.07023445,316.7346,359.9937,252.4913,RightController
2/21/2017 1:28:49 PM:819,0.2498238,1.161593,0.06703221,314.9744,359.0995,254.903,RightController
2/21/2017 1:28:49 PM:870,0.2511276,1.159796,0.06440862,314.8484,358.8154,254.7065,RightController
2/21/2017 1:28:49 PM:925,0.2472377,1.158293,0.05896512,314.4239,355.1579,257.7482,RightController
2/21/2017 1:28:49 PM:984,0.2419114,1.158665,0.05257576,313.9485,352.6602,258.6375,RightController
2/21/2017 1:28:50 PM:14,0.2370795,1.159419,0.04691043,313.5416,351.3663,258.7541,RightController
2/21/2017 1:28:50 PM:46,0.2312342,1.160709,0.04061734,313.137,349.9413,259.1252,RightController
2/21/2017 1:28:50 PM:78,0.2248293,1.162248,0.03386122,312.7707,348.65,259.2357,RightController
2/21/2017 1:28:50 PM:120,0.2180022,1.163412,0.02725925,312.8179,347.34,259.058,RightController
2/21/2017 1:28:50 PM:152,0.2112108,1.164891,0.02055434,313.1756,345.8777,258.7132,RightController
2/21/2017 1:28:50 PM:193,0.2011068,1.167773,0.009140369,313.4701,343.6376,257.7973,RightController
2/21/2017 1:28:50 PM:257,0.1955246,1.170678,-0.001829743,312.8443,342.2801,256.8397,RightController
2/21/2017 1:28:50 PM:296,0.1926658,1.17171,-0.007060237,312.7325,341.3342,256.3473,RightController
2/21/2017 1:28:50 PM:326,0.18997,1.172167,-0.01115835,312.7883,340.084,256.3427,RightController
2/21/2017 1:28:50 PM:357,0.1873343,1.172026,-0.01437091,312.7786,339.0334,256.5907,RightController
2/21/2017 1:28:50 PM:393,0.1855251,1.171955,-0.01683104,312.7144,338.191,256.8539,RightController
2/21/2017 1:28:50 PM:434,0.184148,1.171846,-0.0184439,312.6669,337.56,257.2114,RightController
2/21/2017 1:28:50 PM:473,0.1834072,1.171472,-0.01929521,313.1171,336.8651,257.5391,RightController
2/21/2017 1:28:50 PM:528,0.1836385,1.170611,-0.01775525,314.1288,336.0248,257.3128,RightController
2/21/2017 1:28:50 PM:588,0.1861658,1.17109,-0.014838,314.4974,336.4785,256.8307,RightController
2/21/2017 1:28:50 PM:622,0.1882964,1.17146,-0.0124568,314.4248,336.7668,256.7704,RightController
2/21/2017 1:28:50 PM:662,0.1912374,1.17179,-0.007995486,314.0648,337.0815,257.4366,RightController
2/21/2017 1:28:50 PM:727,0.1940378,1.171597,-0.002720341,314.197,337.5238,257.8318,RightController
2/21/2017 1:28:50 PM:770,0.1958334,1.17093,0.001654698,314.4688,337.579,258.2076,RightController
2/21/2017 1:28:50 PM:819,0.1974977,1.170024,0.006212825,314.913,337.7236,258.7961,RightController
2/21/2017 1:28:50 PM:882,0.1996067,1.169399,0.01003004,315.3996,338.1208,258.9883,RightController
2/21/2017 1:28:50 PM:927,0.2013389,1.169476,0.011323,315.5499,338.1002,259.2522,RightController
2/21/2017 1:28:50 PM:975,0.2039521,1.169495,0.01208054,315.3213,338.3109,259.2882,RightController
2/21/2017 1:28:51 PM:38,0.2051024,1.169403,0.01194346,314.8011,338.0078,260.089,RightController
2/21/2017 1:28:51 PM:86,0.2057642,1.168728,0.01187738,314.6906,337.7976,260.7639,RightController
2/21/2017 1:28:51 PM:131,0.206432,1.168365,0.01135295,314.6456,337.6273,261.1996,RightController
2/21/2017 1:28:51 PM:195,0.2062423,1.169548,0.01020068,314.3924,337.1886,261.7081,RightController
2/21/2017 1:28:51 PM:237,0.2060734,1.170653,0.009215167,314.2415,337.0758,261.8443,RightController
2/21/2017 1:28:51 PM:277,0.2062867,1.173006,0.007705698,314.0163,336.7512,261.849,RightController
2/21/2017 1:28:51 PM:341,0.2081712,1.175647,0.006469749,313.4766,336.5366,261.709,RightController
2/21/2017 1:28:51 PM:383,0.2094631,1.177001,0.006038858,312.9796,336.6133,261.7764,RightController
2/21/2017 1:28:51 PM:414,0.2110586,1.177753,0.006036337,312.5654,336.5849,261.8063,RightController
2/21/2017 1:28:51 PM:444,0.2123853,1.178056,0.00612442,312.1436,336.5521,261.973,RightController
2/21/2017 1:28:51 PM:474,0.213374,1.177865,0.006517744,311.817,336.4301,262.4669,RightController
2/21/2017 1:28:51 PM:508,0.2142454,1.177118,0.007333854,311.8078,336.3742,262.8083,RightController
2/21/2017 1:28:51 PM:553,0.2153913,1.175787,0.009248741,312.1385,336.5612,263.141,RightController
2/21/2017 1:28:51 PM:601,0.2169707,1.173835,0.01212786,312.6114,337.1152,263.1875,RightController
2/21/2017 1:28:51 PM:664,0.2180115,1.172673,0.01430381,313.0726,337.7286,263.2643,RightController
2/21/2017 1:28:51 PM:706,0.2180359,1.171899,0.01530402,313.3881,337.9615,263.2947,RightController
2/21/2017 1:28:51 PM:746,0.218067,1.170881,0.01563731,313.7361,338.0133,263.5298,RightController
2/21/2017 1:28:51 PM:810,0.2172165,1.171239,0.01452126,313.8005,337.626,263.7936,RightController
2/21/2017 1:28:51 PM:853,0.2172456,1.171668,0.01360582,313.6631,337.6511,263.65,RightController
2/21/2017 1:28:51 PM:886,0.2178227,1.172204,0.01294002,313.3934,337.7383,263.5281,RightController
2/21/2017 1:28:51 PM:925,0.2182919,1.172243,0.0119306,313.1085,337.8642,263.4597,RightController
2/21/2017 1:28:51 PM:992,0.218567,1.171021,0.01255321,313.5963,338.1673,263.4894,RightController
2/21/2017 1:28:52 PM:55,0.2188063,1.170099,0.01313785,313.7813,338.0535,263.8534,RightController
2/21/2017 1:28:52 PM:89,0.2194365,1.169847,0.01345744,313.6528,338.0977,263.9573,RightController
2/21/2017 1:28:52 PM:122,0.2205627,1.169919,0.01380447,313.53,338.2305,264.0215,RightController
2/21/2017 1:28:52 PM:171,0.2218779,1.169986,0.01476394,313.5162,338.5245,263.9642,RightController
2/21/2017 1:28:52 PM:202,0.223672,1.169622,0.01652711,313.529,338.867,264.0395,RightController
2/21/2017 1:28:52 PM:260,0.2266647,1.169364,0.0195222,313.7354,339.2361,264.3405,RightController
2/21/2017 1:28:52 PM:320,0.2292582,1.169418,0.02138025,313.6135,339.6735,264.3928,RightController
2/21/2017 1:28:52 PM:353,0.2316452,1.169625,0.02303406,313.4622,340.0926,264.4319,RightController
2/21/2017 1:28:52 PM:384,0.2341657,1.169622,0.02503919,313.4322,340.4993,264.4944,RightController
2/21/2017 1:28:52 PM:416,0.2367622,1.169549,0.02711546,313.4454,340.8768,264.5977,RightController
2/21/2017 1:28:52 PM:470,0.2411358,1.169748,0.03076216,313.5732,341.8761,263.7752,RightController
2/21/2017 1:28:52 PM:517,0.2628922,1.170431,0.04108926,317.1047,352.3009,246.8385,RightController
2/21/2017 1:28:52 PM:584,0.2954897,1.183254,0.05323072,327.1992,0.08179712,215.2625,RightController
2/21/2017 1:28:52 PM:644,0.3222882,1.216134,0.05038371,328.2859,4.542479,199.1096,RightController
2/21/2017 1:28:52 PM:674,0.346547,1.246631,0.04228664,326.5614,9.443807,187.8127,RightController
2/21/2017 1:28:52 PM:712,0.3728333,1.274689,0.03055666,324.2897,16.39869,177.2011,RightController
2/21/2017 1:28:52 PM:752,0.4139063,1.309502,0.009933811,323.1952,28.03144,162.3422,RightController
2/21/2017 1:28:52 PM:815,0.4383204,1.321762,-0.0008093119,325.609,33.76426,152.431,RightController
2/21/2017 1:28:52 PM:850,0.4481308,1.327189,-0.005581211,325.4883,36.3959,149.576,RightController
2/21/2017 1:28:52 PM:884,0.4537987,1.332311,-0.009388097,324.3232,36.76075,148.3813,RightController
2/21/2017 1:28:52 PM:969,0.4621363,1.337991,-0.01692639,323.9186,33.49673,146.7098,RightController
2/21/2017 1:28:53 PM:20,0.4798918,1.343691,-0.03283297,324.0782,35.56757,140.3723,RightController
2/21/2017 1:28:53 PM:87,0.4966397,1.351894,-0.04572296,322.5755,37.79695,135.7629,RightController
2/21/2017 1:28:53 PM:149,0.506857,1.3593,-0.04410686,327.5076,33.90184,133.6713,RightController
2/21/2017 1:28:53 PM:210,0.5155449,1.353974,-0.04345733,330.9177,32.76962,131.252,RightController
2/21/2017 1:28:53 PM:285,0.5061743,1.354996,-0.04574222,330.1103,28.3592,132.4215,RightController
2/21/2017 1:28:53 PM:322,0.5016998,1.355612,-0.04773638,330.7549,25.10414,130.9504,RightController
2/21/2017 1:28:53 PM:364,0.4948914,1.357006,-0.05014601,331.3451,20.21164,129.7995,RightController
2/21/2017 1:28:53 PM:422,0.4875312,1.362964,-0.05130675,331.0775,15.62126,134.565,RightController
2/21/2017 1:28:53 PM:477,0.4852815,1.364576,-0.05197223,331.5488,15.1183,136.0219,RightController
2/21/2017 1:28:53 PM:512,0.4831859,1.364687,-0.05308375,331.2805,14.538,137.1364,RightController
2/21/2017 1:28:53 PM:547,0.480135,1.363511,-0.05548246,330.9405,13.60106,137.6038,RightController
2/21/2017 1:28:53 PM:581,0.4767295,1.36152,-0.05860505,330.3421,12.37875,138.0658,RightController
2/21/2017 1:28:53 PM:630,0.4719448,1.359646,-0.06194908,329.7267,10.95168,137.9837,RightController
2/21/2017 1:28:53 PM:679,0.4655789,1.358766,-0.06513037,329.4362,8.321274,138.721,RightController
2/21/2017 1:28:53 PM:746,0.4614122,1.358217,-0.06604673,329.5733,6.709593,139.8766,RightController
2/21/2017 1:28:53 PM:799,0.4602008,1.3565,-0.06567432,329.7722,7.0181,139.7634,RightController
2/21/2017 1:28:53 PM:846,0.4583957,1.354949,-0.06475216,329.9727,7.029559,140.2037,RightController
2/21/2017 1:28:53 PM:910,0.4549519,1.354306,-0.0639434,330.2523,6.602643,140.4138,RightController
2/21/2017 1:28:53 PM:963,0.4519055,1.353668,-0.06426798,330.5256,5.829428,140.7251,RightController
2/21/2017 1:28:54 PM:3,0.4479213,1.352734,-0.06532042,330.6276,4.85915,140.8423,RightController
2/21/2017 1:28:54 PM:67,0.4464216,1.352158,-0.06460994,330.7816,4.980482,141.2687,RightController
2/21/2017 1:28:54 PM:111,0.4460088,1.352086,-0.06358407,330.7973,5.181142,141.3,RightController
2/21/2017 1:28:54 PM:159,0.4452244,1.351334,-0.06266396,330.8802,5.626585,141.1219,RightController
2/21/2017 1:28:54 PM:223,0.4456542,1.350531,-0.06227365,331.0298,6.359347,140.9027,RightController
2/21/2017 1:28:54 PM:267,0.4454263,1.349718,-0.06174383,331.0831,6.599203,140.8544,RightController
2/21/2017 1:28:54 PM:316,0.4457955,1.34951,-0.06135661,331.0455,7.177707,140.7269,RightController
2/21/2017 1:28:54 PM:379,0.4466424,1.349914,-0.06144515,330.9848,7.580906,140.5271,RightController
2/21/2017 1:28:54 PM:424,0.4472136,1.350213,-0.06156436,330.7886,7.659367,140.6108,RightController
2/21/2017 1:28:54 PM:472,0.4478567,1.350113,-0.06132133,330.6679,8.052861,140.619,RightController
2/21/2017 1:28:54 PM:536,0.4483585,1.349792,-0.060504,330.5866,8.774184,140.5209,RightController
2/21/2017 1:28:54 PM:586,0.44805,1.349539,-0.06003013,330.4654,8.546062,140.952,RightController
2/21/2017 1:28:54 PM:628,0.4459983,1.348909,-0.05969431,330.1518,7.384778,141.6303,RightController
2/21/2017 1:28:54 PM:692,0.4424433,1.348062,-0.0607866,329.7437,6.56822,141.6703,RightController
2/21/2017 1:28:54 PM:737,0.4379741,1.347628,-0.06336664,329.0914,5.171817,140.9644,RightController
2/21/2017 1:28:54 PM:785,0.432965,1.347822,-0.06737658,328.1555,3.448952,140.4311,RightController
2/21/2017 1:28:54 PM:849,0.4288129,1.348995,-0.07017239,327.079,2.729496,139.2003,RightController
2/21/2017 1:28:54 PM:897,0.4250184,1.351366,-0.07216784,326.8479,1.542465,138.4614,RightController
2/21/2017 1:28:54 PM:941,0.4189041,1.35403,-0.07615176,326.9904,359.0829,138.5217,RightController
2/21/2017 1:28:55 PM:5,0.4124984,1.35569,-0.08129554,326.258,356.3965,139.1353,RightController
2/21/2017 1:28:55 PM:50,0.4095981,1.355885,-0.08497638,325.5208,355.8484,139.0103,RightController
2/21/2017 1:28:55 PM:98,0.4067369,1.355675,-0.08853706,324.8445,355.5282,139.0738,RightController
2/21/2017 1:28:55 PM:161,0.4033248,1.356756,-0.09214268,325.0283,354.4323,140.8015,RightController
2/21/2017 1:28:55 PM:213,0.4000415,1.35859,-0.09437165,325.1866,353.0551,143.2016,RightController
2/21/2017 1:28:55 PM:254,0.3972768,1.361607,-0.09592763,324.7315,352.0955,145.6413,RightController
2/21/2017 1:28:55 PM:317,0.396952,1.363931,-0.09632953,323.9728,351.8093,145.8611,RightController
2/21/2017 1:28:55 PM:362,0.3974984,1.365225,-0.09478372,323.1918,353.1853,145.4903,RightController
2/21/2017 1:28:55 PM:410,0.4035935,1.368457,-0.08389793,321.1274,2.584,143.5684,RightController
2/21/2017 1:28:55 PM:474,0.4034865,1.369943,-0.05690109,319.2846,18.63534,142.9101,RightController
2/21/2017 1:28:55 PM:518,0.3798592,1.37033,-0.02682619,315.7631,24.60531,150.6021,RightController
2/21/2017 1:28:55 PM:567,0.3164146,1.359882,0.01516903,304.0748,17.08946,187.8063,RightController
2/21/2017 1:28:55 PM:630,0.2259084,1.3107,0.07145047,305.4492,337.6431,256.6975,RightController
2/21/2017 1:28:55 PM:675,0.1750257,1.259542,0.1134862,320.0244,328.8256,277.8647,RightController
2/21/2017 1:28:55 PM:723,0.1394185,1.223234,0.1453901,325.0774,327.7552,292.2379,RightController
2/21/2017 1:28:55 PM:787,0.1145635,1.21704,0.1408471,327.5266,317.3769,283.669,RightController
2/21/2017 1:28:55 PM:837,0.1034683,1.212309,0.1407951,331.352,317.706,286.9092,RightController
2/21/2017 1:28:55 PM:879,0.09433508,1.220062,0.1284847,329.1384,314.6629,280.3491,RightController
2/21/2017 1:28:55 PM:943,0.09300756,1.215201,0.1213347,333.6686,317.5512,276.0826,RightController
2/21/2017 1:28:55 PM:990,0.08923471,1.205809,0.1153849,338.8139,314.5264,270.1873,RightController
2/21/2017 1:28:56 PM:36,0.08984423,1.201139,0.1028101,339.727,311.5273,265.8036,RightController
2/21/2017 1:28:56 PM:108,0.09755766,1.197361,0.092862,340.9486,309.0659,259.1,RightController
2/21/2017 1:28:56 PM:155,0.1075494,1.200563,0.08509535,339.6733,307.3916,255.7553,RightController
2/21/2017 1:28:56 PM:214,0.1172879,1.207746,0.07883964,336.9981,305.3914,251.3399,RightController
2/21/2017 1:28:56 PM:286,0.1187882,1.211818,0.07931687,335.5236,304.4196,248.5952,RightController
2/21/2017 1:28:56 PM:323,0.117321,1.212511,0.08193882,335.2493,304.1557,246.9368,RightController
2/21/2017 1:28:56 PM:371,0.1162748,1.212281,0.0891239,335.5892,305.478,244.5497,RightController
2/21/2017 1:28:56 PM:449,0.1214143,1.212873,0.09081227,335.4818,305.4776,243.6886,RightController
2/21/2017 1:28:56 PM:485,0.1318939,1.214951,0.08924374,333.7136,305.6006,241.6765,RightController
2/21/2017 1:28:56 PM:538,0.1538763,1.217077,0.08504823,331.5773,305.1711,240.4225,RightController
2/21/2017 1:28:56 PM:600,0.1712555,1.218552,0.08121577,329.4604,304.0154,240.5628,RightController
2/21/2017 1:28:56 PM:641,0.1890349,1.219014,0.07896767,328.0891,303.2618,240.9073,RightController
2/21/2017 1:28:56 PM:695,0.2150148,1.219824,0.0752862,325.8052,301.7993,243.8051,RightController
2/21/2017 1:28:56 PM:766,0.2386092,1.219141,0.07718079,325.2542,302.6893,245.881,RightController
2/21/2017 1:28:56 PM:800,0.2546818,1.218937,0.07884645,324.4918,303.3896,246.8303,RightController
2/21/2017 1:28:56 PM:851,0.2889855,1.216524,0.08271442,323.4772,306.0165,247.6404,RightController
2/21/2017 1:28:56 PM:922,0.3195893,1.210639,0.08531559,322.992,308.6662,247.7301,RightController
2/21/2017 1:28:56 PM:958,0.3363742,1.205417,0.08748772,323.2327,310.5591,247.9357,RightController
2/21/2017 1:28:56 PM:997,0.3582065,1.19634,0.09279121,325.2838,314.0662,247.1787,RightController
2/21/2017 1:28:57 PM:64,0.3698585,1.191967,0.1026213,327.1741,319.3131,247.9867,RightController
2/21/2017 1:28:57 PM:127,0.3619213,1.196518,0.1094815,327.1214,321.2287,253.8026,RightController
2/21/2017 1:28:57 PM:162,0.348642,1.203144,0.1100806,324.78,319.7242,261.2685,RightController
2/21/2017 1:28:57 PM:206,0.3281268,1.213067,0.106527,321.1908,314.4335,273.7611,RightController
2/21/2017 1:28:57 PM:251,0.2866356,1.227196,0.09632697,316.5897,299.7114,303.3977,RightController
2/21/2017 1:28:57 PM:309,0.2350392,1.239117,0.07951404,314.2181,273.4074,352.51,RightController
2/21/2017 1:28:57 PM:377,0.1872593,1.234219,0.06395276,327.3327,246.8121,42.3355,RightController
2/21/2017 1:28:57 PM:429,0.1618987,1.232483,0.06153948,334.8665,243.7408,48.76305,RightController
2/21/2017 1:28:57 PM:477,0.1367117,1.230834,0.06397128,342.0521,241.5979,56.9472,RightController
2/21/2017 1:28:57 PM:540,0.1186433,1.230598,0.06387056,348.6303,239.5087,65.68457,RightController
2/21/2017 1:28:57 PM:588,0.1073023,1.229939,0.06261235,353.2856,237.8307,73.76469,RightController
2/21/2017 1:28:57 PM:633,0.09629464,1.228251,0.06181857,358.4734,237.1683,80.72428,RightController
2/21/2017 1:28:57 PM:697,0.0896455,1.225051,0.06169199,3.127389,238.3251,85.58794,RightController
2/21/2017 1:28:57 PM:742,0.08819914,1.223593,0.06182752,5.852923,239.8556,88.32613,RightController
2/21/2017 1:28:57 PM:790,0.09029388,1.224557,0.05943169,7.048225,239.9968,88.86389,RightController
2/21/2017 1:28:57 PM:853,0.09981525,1.229346,0.05349377,6.356613,237.2965,90.00626,RightController
2/21/2017 1:28:57 PM:897,0.107065,1.233425,0.05372509,5.957249,238.4953,90.03688,RightController
2/21/2017 1:28:57 PM:946,0.1171596,1.236889,0.05553609,6.39671,239.4616,90.16165,RightController
2/21/2017 1:28:58 PM:16,0.1301185,1.24169,0.05867841,6.569923,240.9873,88.76437,RightController
2/21/2017 1:28:58 PM:74,0.1432344,1.246499,0.06005106,6.947861,241.9338,89.16903,RightController
2/21/2017 1:28:58 PM:114,0.1671324,1.255975,0.06013362,6.574277,243.3666,89.6794,RightController
2/21/2017 1:28:58 PM:180,0.1944031,1.264804,0.06084713,6.241267,245.9588,89.64848,RightController
2/21/2017 1:28:58 PM:244,0.218375,1.270366,0.06233004,5.845335,248.5128,90.24939,RightController
2/21/2017 1:28:58 PM:286,0.2328563,1.272549,0.06395836,5.891448,250.1356,90.77576,RightController
2/21/2017 1:28:58 PM:335,0.2525828,1.274635,0.06746659,5.635521,252.4782,91.0402,RightController
2/21/2017 1:28:58 PM:393,0.2887661,1.276482,0.07571396,5.163808,257.093,90.82145,RightController
2/21/2017 1:28:58 PM:460,0.3226248,1.276038,0.08511943,4.555893,261.5354,89.89148,RightController
2/21/2017 1:28:58 PM:515,0.3410382,1.274964,0.09187814,3.64557,264.3574,87.5533,RightController
2/21/2017 1:28:58 PM:551,0.366624,1.272696,0.1014888,1.162578,267.7259,81.52284,RightController
2/21/2017 1:28:58 PM:605,0.4090455,1.267902,0.1201629,352.3754,273.651,59.74301,RightController
2/21/2017 1:28:58 PM:668,0.4409579,1.257256,0.138387,344.6418,281.5948,36.79484,RightController
2/21/2017 1:28:58 PM:704,0.4747425,1.238493,0.1562938,338.2814,292.2051,9.850511,RightController
2/21/2017 1:28:58 PM:762,0.5224712,1.189029,0.174755,335.2792,311.32,327.8387,RightController
2/21/2017 1:28:58 PM:824,0.5468884,1.146755,0.1759391,337.5857,322.2653,301.0729,RightController
2/21/2017 1:28:58 PM:861,0.5671086,1.102061,0.1686918,341.8434,330.2792,280.83,RightController
2/21/2017 1:28:58 PM:918,0.5825071,1.037588,0.1479459,347.7495,335.627,266.2979,RightController
2/21/2017 1:28:58 PM:981,0.5850852,0.9980673,0.1308968,351.8912,338.9505,260.0557,RightController
2/21/2017 1:28:59 PM:19,0.5849049,0.9603933,0.1122286,356.1279,341.3764,254.0717,RightController
2/21/2017 1:28:59 PM:74,0.5774651,0.9081632,0.08209504,2.193542,342.7132,247.0952,RightController
2/21/2017 1:28:59 PM:137,0.5731504,0.8747052,0.06361994,6.578052,343.8404,243.7891,RightController
2/21/2017 1:28:59 PM:175,0.566287,0.8420845,0.04379373,10.9052,343.6581,242.0483,RightController
2/21/2017 1:28:59 PM:231,0.5527091,0.7965535,0.0167426,18.24146,341.3923,241.8252,RightController
2/21/2017 1:28:59 PM:295,0.5409253,0.777218,0.004677329,21.96026,337.9555,244.0639,RightController
2/21/2017 1:28:59 PM:332,0.5300856,0.7682149,-0.0007573105,24.25583,335.6253,245.4583,RightController
2/21/2017 1:28:59 PM:387,0.5095055,0.7738008,0.002254292,23.96402,332.369,246.242,RightController
2/21/2017 1:28:59 PM:451,0.4916739,0.7887969,0.008225799,21.41026,330.3562,246.4264,RightController
2/21/2017 1:28:59 PM:488,0.4709054,0.8086566,0.01375427,16.90623,327.6201,247.1051,RightController
2/21/2017 1:28:59 PM:544,0.4380444,0.8495787,0.01976519,8.414082,324.2147,245.5031,RightController
2/21/2017 1:28:59 PM:612,0.4165151,0.886672,0.01924902,0.6383063,321.2554,243.1333,RightController
2/21/2017 1:28:59 PM:653,0.3977708,0.9278662,0.01401761,351.433,318.8029,237.159,RightController
2/21/2017 1:28:59 PM:711,0.3745794,0.9953872,0.003681924,336.6885,317.5494,225.5752,RightController
2/21/2017 1:28:59 PM:786,0.3498986,1.042117,-0.001424808,329.5632,314.924,224.134,RightController
2/21/2017 1:28:59 PM:829,0.3361963,1.062222,-0.001796089,327.5645,313.3102,223.9665,RightController
2/21/2017 1:28:59 PM:872,0.3128684,1.092336,-0.001656204,325.4249,310.68,224.0487,RightController
2/21/2017 1:28:59 PM:942,0.2883106,1.122231,-0.004200906,323.5618,307.9789,224.1062,RightController
2/21/2017 1:28:59 PM:991,0.2780752,1.132286,-0.006742749,322.435,306.6913,225.7363,RightController
2/21/2017 1:29:00 PM:35,0.2582014,1.141721,-0.01138382,322.4705,305.1606,228.3621,RightController
2/21/2017 1:29:00 PM:106,0.2430058,1.138921,-0.01358288,322.9115,304.7406,241.4095,RightController
2/21/2017 1:29:00 PM:144,0.2317513,1.136466,-0.01464719,323.0818,301.9311,258.8106,RightController
2/21/2017 1:29:00 PM:202,0.2177819,1.133273,-0.008262284,325.5711,299.7745,280.1411,RightController
2/21/2017 1:29:00 PM:273,0.2091738,1.135762,0.0008487254,328.9,299.8202,291.2436,RightController
2/21/2017 1:29:00 PM:309,0.2064154,1.141242,0.006162312,328.3144,300.1851,297.0202,RightController
2/21/2017 1:29:00 PM:359,0.1966288,1.150682,0.01307162,329.2085,299.0717,307.6527,RightController
2/21/2017 1:29:00 PM:434,0.1851612,1.153876,0.02568706,333.4055,301.9693,304.3888,RightController
2/21/2017 1:29:00 PM:471,0.178008,1.153907,0.02970224,335.1823,301.1234,308.552,RightController
2/21/2017 1:29:00 PM:508,0.1716365,1.154664,0.03634307,336.2632,301.6646,308.8183,RightController
2/21/2017 1:29:00 PM:544,0.1675242,1.156657,0.04555959,336.4666,303.1292,308.7218,RightController
2/21/2017 1:29:00 PM:593,0.1600685,1.160431,0.06428126,337.2383,305.5096,313.1273,RightController
2/21/2017 1:29:00 PM:661,0.15422,1.160949,0.08012336,340.0444,306.5171,304.1023,RightController
2/21/2017 1:29:00 PM:705,0.1524643,1.161123,0.08644717,340.6929,306.6111,300.998,RightController
2/21/2017 1:29:00 PM:757,0.1488191,1.160227,0.09198577,341.6811,305.5494,296.2271,RightController
2/21/2017 1:29:00 PM:794,0.144454,1.153845,0.1003894,346.3016,304.757,281.251,RightController
2/21/2017 1:29:00 PM:861,0.1429986,1.14272,0.1146388,351.4195,303.9767,268.9227,RightController
2/21/2017 1:29:00 PM:925,0.1458342,1.139991,0.1248598,351.4217,304.8516,274.2302,RightController
2/21/2017 1:29:00 PM:961,0.1479009,1.138585,0.1292669,352.2099,305.0465,276.8049,RightController
2/21/2017 1:29:00 PM:997,0.149402,1.136695,0.1321393,353.4626,304.6306,277.9492,RightController
2/21/2017 1:29:01 PM:41,0.1512659,1.135529,0.1342738,354.2165,304.0939,278.7745,RightController
2/21/2017 1:29:01 PM:76,0.1537299,1.135232,0.1371335,354.3289,303.9552,280.2932,RightController
2/21/2017 1:29:01 PM:129,0.1566288,1.134966,0.1396064,354.3672,303.4477,282.3727,RightController
2/21/2017 1:29:01 PM:239,0.1586699,1.132995,0.1461655,355.0495,304.343,284.0026,RightController
2/21/2017 1:29:01 PM:321,0.1602105,1.131855,0.1533122,355.8543,306.0694,284.1367,RightController
2/21/2017 1:29:01 PM:414,0.1609128,1.132733,0.1563212,355.8531,307.2974,283.7479,RightController
2/21/2017 1:29:01 PM:512,0.1584084,1.134595,0.1514187,354.9654,306.7559,282.9459,RightController
2/21/2017 1:29:01 PM:622,0.1541511,1.135351,0.1468071,354.3024,305.9178,283.373,RightController
2/21/2017 1:29:01 PM:719,0.1459068,1.146545,0.1426548,351.6136,304.8253,284.5511,RightController
2/21/2017 1:29:01 PM:837,0.1267352,1.176317,0.1495481,349.2759,306.0642,280.0342,RightController
2/21/2017 1:29:01 PM:965,0.1045948,1.186423,0.1597867,355.3456,309.382,279.8084,RightController
2/21/2017 1:29:02 PM:76,0.08797586,1.200593,0.1456939,354.6095,304.4022,279.8138,RightController
2/21/2017 1:29:02 PM:123,0.08803463,1.202988,0.1419226,354.5747,303.0484,278.4802,RightController
2/21/2017 1:29:02 PM:190,0.0949384,1.202677,0.137541,354.9338,301.1783,279.6943,RightController
2/21/2017 1:29:02 PM:262,0.1069809,1.20645,0.1332824,353.7975,299.2508,279.5135,RightController
2/21/2017 1:29:02 PM:314,0.1192155,1.208323,0.1315425,353.3398,298.0793,278.8115,RightController
2/21/2017 1:29:02 PM:384,0.1469358,1.203883,0.1331122,352.9443,297.1334,277.8909,RightController
2/21/2017 1:29:02 PM:465,0.1836454,1.185799,0.1383317,353.3417,299.1752,273.4996,RightController
2/21/2017 1:29:02 PM:529,0.2179426,1.160389,0.1364944,354.3921,299.5027,269.965,RightController
2/21/2017 1:29:02 PM:605,0.2556721,1.126284,0.1327861,355.634,301.0435,264.5919,RightController
2/21/2017 1:29:02 PM:653,0.2927767,1.084737,0.1245088,357.9218,302.0963,261.0399,RightController
2/21/2017 1:29:02 PM:716,0.3322406,1.039697,0.1185298,0.4868122,305.1773,254.5789,RightController
2/21/2017 1:29:02 PM:772,0.3570796,1.003505,0.11281,3.216767,306.9695,252.2456,RightController
2/21/2017 1:29:02 PM:810,0.3753524,0.9748125,0.1079572,5.502212,308.7054,249.7918,RightController
2/21/2017 1:29:02 PM:850,0.4051715,0.9261287,0.1006709,9.23239,311.8046,245.2947,RightController
2/21/2017 1:29:02 PM:917,0.4379472,0.8665844,0.08868678,15.3701,316.432,241.3174,RightController
2/21/2017 1:29:02 PM:969,0.4555993,0.8311883,0.07841395,18.93386,318.5597,239.131,RightController
2/21/2017 1:29:03 PM:4,0.4673332,0.8063051,0.07026061,21.44973,319.8408,238.0284,RightController
2/21/2017 1:29:03 PM:58,0.4778608,0.7821721,0.06241668,24.39982,321.5892,236.5842,RightController
2/21/2017 1:29:03 PM:95,0.4916184,0.7464559,0.04883765,28.53327,323.0645,236.1467,RightController
2/21/2017 1:29:03 PM:151,0.5046805,0.7110926,0.03354883,33.46138,324.794,234.9386,RightController
2/21/2017 1:29:03 PM:212,0.509114,0.6949553,0.02461117,35.7051,324.7653,235.5452,RightController
2/21/2017 1:29:03 PM:248,0.511296,0.6831021,0.01812603,37.82962,325.0504,235.336,RightController
2/21/2017 1:29:03 PM:308,0.509287,0.6762515,0.01399199,38.77221,325.0104,237.3301,RightController
2/21/2017 1:29:03 PM:379,0.5029349,0.6805992,0.02128766,37.59531,326.2206,241.1195,RightController
2/21/2017 1:29:03 PM:423,0.4953861,0.6903359,0.03192024,35.97454,327.2208,244.5262,RightController
2/21/2017 1:29:03 PM:475,0.4742182,0.721732,0.05529254,30.79161,327.692,249.3768,RightController
2/21/2017 1:29:03 PM:546,0.4437811,0.7639345,0.0756067,23.52835,324.1844,249.7949,RightController
2/21/2017 1:29:03 PM:587,0.4205164,0.7940035,0.08754755,19.28913,321.5005,249.4653,RightController
2/21/2017 1:29:03 PM:631,0.3713576,0.8638685,0.1105588,10.78576,317.1362,250.5778,RightController
2/21/2017 1:29:03 PM:731,0.3186604,0.9572139,0.129588,3.323159,314.4751,249.6055,RightController
2/21/2017 1:29:03 PM:767,0.2692297,1.060882,0.1345384,349.6223,307.7273,252.6377,RightController
2/21/2017 1:29:03 PM:833,0.2254028,1.128261,0.1458719,346.8513,306.1174,254.8896,RightController
2/21/2017 1:29:03 PM:893,0.2014047,1.15786,0.1529011,345.6917,305.9263,259.6316,RightController
2/21/2017 1:29:03 PM:939,0.1844728,1.179224,0.1542366,343.792,303.6779,261.4794,RightController
2/21/2017 1:29:03 PM:989,0.1475966,1.200477,0.16275,345.2939,300.9134,261.2903,RightController
2/21/2017 1:29:04 PM:56,0.1184406,1.19382,0.1760672,350.0189,301.5114,264.5946,RightController
2/21/2017 1:29:04 PM:101,0.1059408,1.189804,0.1816208,351.662,301.0188,265.6892,RightController
2/21/2017 1:29:04 PM:138,0.0959965,1.186862,0.1882603,353.1184,301.5279,265.4412,RightController
2/21/2017 1:29:04 PM:184,0.0884465,1.187232,0.1937128,353.1614,301.6986,265.8982,RightController
2/21/2017 1:29:04 PM:223,0.07588112,1.191269,0.1987706,352.5057,299.0159,266.3335,RightController
2/21/2017 1:29:04 PM:290,0.06893635,1.196326,0.2039441,351.4444,296.3489,265.5879,RightController
2/21/2017 1:29:04 PM:362,0.06950963,1.201639,0.2068802,349.9408,294.1235,264.0951,RightController
2/21/2017 1:29:04 PM:401,0.07302928,1.20532,0.2078307,349.0431,293.2867,262.5412,RightController
2/21/2017 1:29:04 PM:435,0.08346224,1.211971,0.2081961,347.1057,291.6424,259.6141,RightController
2/21/2017 1:29:04 PM:510,0.1005609,1.217871,0.2072795,343.9469,289.7939,254.4362,RightController
2/21/2017 1:29:04 PM:553,0.1083164,1.218384,0.2063697,342.6776,288.5173,252.237,RightController
2/21/2017 1:29:04 PM:592,0.1201349,1.217114,0.2074316,340.8911,287.7856,248.8113,RightController
2/21/2017 1:29:04 PM:666,0.1328304,1.215073,0.2093613,339.3976,286.0089,247.6439,RightController
2/21/2017 1:29:04 PM:711,0.1420269,1.214108,0.2111938,338.7267,285.113,246.8019,RightController
2/21/2017 1:29:04 PM:746,0.1482756,1.213661,0.2137261,338.0744,284.9134,246.2454,RightController
2/21/2017 1:29:04 PM:810,0.1539463,1.214092,0.2166772,337.0259,284.5606,246.1217,RightController
2/21/2017 1:29:04 PM:871,0.1665777,1.212671,0.2312988,336.3097,285.2947,246.816,RightController
2/21/2017 1:29:04 PM:938,0.171847,1.210713,0.2490214,336.5093,286.6301,248.6266,RightController
2/21/2017 1:29:04 PM:995,0.172744,1.209945,0.2656656,336.7316,288.2234,250.7298,RightController
2/21/2017 1:29:05 PM:27,0.1717256,1.209878,0.2974584,337.6172,291.7448,253.2043,RightController
2/21/2017 1:29:05 PM:83,0.1681683,1.21028,0.365456,341.6543,302.1589,249.3054,RightController
2/21/2017 1:29:05 PM:136,0.1661783,1.2105,0.4096401,344.3519,308.6257,246.6342,RightController
2/21/2017 1:29:05 PM:180,0.1611902,1.211068,0.4435318,345.7762,312.1755,247.0023,RightController
2/21/2017 1:29:05 PM:228,0.1518697,1.209898,0.4760619,347.248,314.1746,247.8377,RightController
2/21/2017 1:29:05 PM:292,0.1415879,1.204649,0.496072,349.1377,315.0774,248.8993,RightController
2/21/2017 1:29:05 PM:336,0.1346405,1.200498,0.501624,350.9432,313.7802,250.2437,RightController
2/21/2017 1:29:05 PM:385,0.1278684,1.199162,0.5028623,351.8811,311.9144,250.9582,RightController
2/21/2017 1:29:05 PM:449,0.1251374,1.202024,0.4988012,351.2656,310.328,251.462,RightController
2/21/2017 1:29:05 PM:493,0.1233698,1.206762,0.4930154,349.5827,307.8892,251.4257,RightController
2/21/2017 1:29:05 PM:541,0.1222101,1.212957,0.4880539,347.8085,305.7568,251.5777,RightController
2/21/2017 1:29:05 PM:605,0.12165,1.214937,0.4881503,347.2279,306.0632,252.792,RightController
2/21/2017 1:29:05 PM:649,0.1210721,1.213871,0.4895921,347.4846,305.8131,254.6143,RightController
2/21/2017 1:29:05 PM:698,0.1210283,1.21212,0.4930952,348.0471,305.976,253.7388,RightController
2/21/2017 1:29:05 PM:765,0.1223904,1.210128,0.4963891,348.1891,306.2265,254.0902,RightController
2/21/2017 1:29:05 PM:828,0.1257145,1.208232,0.4939895,347.5209,306.7965,255.239,RightController
2/21/2017 1:29:05 PM:862,0.1302025,1.205481,0.489365,346.6784,307.6808,254.4466,RightController
2/21/2017 1:29:05 PM:895,0.1385275,1.20137,0.4796404,344.8925,307.4045,254.0845,RightController
2/21/2017 1:29:05 PM:944,0.1476253,1.19647,0.4641719,341.0728,304.7803,253.3899,RightController
2/21/2017 1:29:05 PM:985,0.1682462,1.179792,0.4350794,332.1188,300.3958,248.6577,RightController
2/21/2017 1:29:06 PM:44,0.1908114,1.130068,0.4134046,328.124,305.3303,242.4418,RightController
2/21/2017 1:29:06 PM:115,0.1868397,1.061033,0.3944059,340.7655,306.3341,239.8521,RightController
2/21/2017 1:29:06 PM:153,0.1839942,1.009524,0.3715138,348.874,307.1212,239.5398,RightController
2/21/2017 1:29:06 PM:212,0.175733,0.9524273,0.3221024,356.7115,303.2194,239.4203,RightController
2/21/2017 1:29:06 PM:286,0.1608934,0.9237216,0.2624483,0.8309848,294.8949,242.725,RightController
2/21/2017 1:29:06 PM:331,0.1520879,0.9205091,0.2258466,0.684975,288.7278,245.4316,RightController
2/21/2017 1:29:06 PM:364,0.1470859,0.9228703,0.20116,359.6613,284.7808,245.8174,RightController
2/21/2017 1:29:06 PM:398,0.142897,0.9281008,0.1806059,358.0135,280.981,245.2681,RightController
2/21/2017 1:29:06 PM:441,0.1391777,0.9330068,0.1642951,356.5607,278.821,244.939,RightController
2/21/2017 1:29:06 PM:479,0.132683,0.9357742,0.1405348,357.1086,276.2148,243.9266,RightController
2/21/2017 1:29:06 PM:547,0.1299512,0.9358416,0.10946,357.844,266.8643,251.8682,RightController
2/21/2017 1:29:06 PM:602,0.1262679,0.9377624,0.1087676,357.4599,264.4531,259.1244,RightController
2/21/2017 1:29:06 PM:648,0.1141019,0.935061,0.1454171,0.2705534,273.9845,255.2883,RightController
2/21/2017 1:29:06 PM:714,0.1104504,0.9272335,0.1820771,4.103989,285.2288,255.1524,RightController
2/21/2017 1:29:06 PM:782,0.113552,0.9250582,0.161104,5.108857,283.2104,255.5352,RightController
2/21/2017 1:29:06 PM:828,0.1201661,0.930029,0.1011748,4.540473,266.6118,259.9133,RightController
2/21/2017 1:29:06 PM:893,0.11686,0.9294715,0.1023725,3.795088,267.1642,262.2202,RightController
2/21/2017 1:29:06 PM:949,0.1077869,0.9208505,0.1430361,7.819206,280.83,257.7664,RightController
2/21/2017 1:29:06 PM:995,0.1071758,0.9161007,0.1558432,8.773298,284.2242,258.5818,RightController
2/21/2017 1:29:07 PM:50,0.1159536,0.9183992,0.1323868,8.238427,278.6262,263.0154,RightController
2/21/2017 1:29:07 PM:116,0.1164329,0.9279625,0.1135737,7.056109,274.9965,266.023,RightController
2/21/2017 1:29:07 PM:168,0.1136746,0.9234333,0.1173218,8.130685,277.1202,267.9248,RightController
2/21/2017 1:29:07 PM:203,0.1101288,0.919083,0.1214386,8.927747,279.2462,269.338,RightController
2/21/2017 1:29:07 PM:247,0.1055008,0.9162846,0.1251821,9.710774,281.2334,269.5493,RightController
2/21/2017 1:29:07 PM:295,0.09754694,0.9185424,0.124452,9.443213,281.8203,271.2592,RightController
2/21/2017 1:29:07 PM:359,0.08374572,0.9268125,0.1231169,8.514919,283.2959,274.3503,RightController
2/21/2017 1:29:07 PM:409,0.07212234,0.9318081,0.1230396,8.170362,284.6051,276.3133,RightController
2/21/2017 1:29:07 PM:451,0.05858445,0.9369733,0.1220209,7.897254,283.8954,274.6902,RightController
2/21/2017 1:29:07 PM:515,0.04421926,0.94317,0.1210226,7.743768,284.0929,271.2938,RightController
2/21/2017 1:29:07 PM:559,0.03320277,0.9479898,0.1193911,7.046448,284.0736,271.6395,RightController
2/21/2017 1:29:07 PM:608,0.01906943,0.95037,0.1196523,7.728527,285.3488,274.4036,RightController
2/21/2017 1:29:07 PM:671,0.008031011,0.9509557,0.1199915,7.957274,285.6981,275.1902,RightController
2/21/2017 1:29:07 PM:716,0.000406146,0.9516937,0.1182758,8.274235,285.1261,275.7036,RightController
2/21/2017 1:29:07 PM:764,-0.009643793,0.95239,0.1176381,8.303497,285.3528,277.4862,RightController
2/21/2017 1:29:07 PM:828,-0.02064395,0.9527355,0.1175143,8.598328,286.3192,281.2623,RightController
2/21/2017 1:29:07 PM:875,-0.02868474,0.9549322,0.1188987,8.171951,286.9576,281.876,RightController
2/21/2017 1:29:07 PM:920,-0.03821492,0.9588046,0.1183202,7.073659,286.0827,281.1555,RightController
2/21/2017 1:29:07 PM:984,-0.0471307,0.9633358,0.1172116,5.516706,286.2723,281.4462,RightController
2/21/2017 1:29:08 PM:34,-0.05127454,0.9634753,0.1157672,5.616983,287.1549,284.6105,RightController
2/21/2017 1:29:08 PM:88,-0.04758513,0.9648997,0.1068635,4.36177,288.1282,286.3543,RightController
2/21/2017 1:29:08 PM:155,-0.02634358,0.9667987,0.07202762,2.589751,280.6279,286.476,RightController
2/21/2017 1:29:08 PM:208,-0.002404332,0.9643222,0.0425157,4.046216,277.0176,285.0622,RightController
2/21/2017 1:29:08 PM:240,0.01686609,0.9643948,0.01686774,3.300234,273.0715,284.4237,RightController
2/21/2017 1:29:08 PM:274,0.03550935,0.9627761,-0.01289609,3.600947,269.3053,282.1736,RightController
2/21/2017 1:29:08 PM:313,0.05325818,0.9605715,-0.03738384,4.273937,265.9319,279.1933,RightController
2/21/2017 1:29:08 PM:355,0.07220352,0.9575319,-0.06606466,4.697339,262.897,277.1093,RightController
2/21/2017 1:29:08 PM:401,0.08655679,0.955214,-0.09650593,4.383172,258.6172,273.5229,RightController
2/21/2017 1:29:08 PM:464,0.09028649,0.955687,-0.1148071,2.500997,258.7493,272.037,RightController
2/21/2017 1:29:08 PM:510,0.08781385,0.9529636,-0.1240971,2.686415,259.8786,271.7466,RightController
2/21/2017 1:29:08 PM:557,0.08529997,0.9505936,-0.1347136,2.798625,262.2973,271.474,RightController
2/21/2017 1:29:08 PM:621,0.08665991,0.9529492,-0.149757,2.04439,262.9917,271.5051,RightController
2/21/2017 1:29:08 PM:671,0.08995903,0.9543058,-0.1658318,2.130555,261.7714,269.6241,RightController
2/21/2017 1:29:08 PM:713,0.0950731,0.9559804,-0.187605,1.685797,259.4922,267.5419,RightController
2/21/2017 1:29:08 PM:777,0.09962893,0.9564005,-0.2096592,1.856588,258.4141,266.6664,RightController
2/21/2017 1:29:08 PM:818,0.102304,0.9566854,-0.2243573,1.773829,257.2011,267.1719,RightController
2/21/2017 1:29:08 PM:870,0.1069388,0.9553401,-0.2523198,2.478879,256.3907,266.9347,RightController
2/21/2017 1:29:08 PM:933,0.110709,0.9551773,-0.2788911,1.794639,253.2604,265.853,RightController
2/21/2017 1:29:08 PM:978,0.1124424,0.9552983,-0.2992337,1.584792,252.0743,265.6006,RightController
2/21/2017 1:29:09 PM:26,0.1142007,0.9542711,-0.3245701,1.679615,250.9579,267.0804,RightController
2/21/2017 1:29:09 PM:90,0.1153368,0.9532225,-0.3502609,1.654758,249.8419,267.4772,RightController
2/21/2017 1:29:09 PM:130,0.115384,0.951967,-0.3646971,1.676817,249.1345,267.1242,RightController
2/21/2017 1:29:09 PM:182,0.1077347,0.956998,-0.3937976,1.631493,246.5914,265.3083,RightController
2/21/2017 1:29:09 PM:246,0.1035908,0.9565136,-0.4194665,1.455034,245.0878,267.7808,RightController
2/21/2017 1:29:09 PM:286,0.09988999,0.9562246,-0.4346204,1.03004,245.2171,269.877,RightController
2/21/2017 1:29:09 PM:327,0.09027863,0.9526007,-0.4565673,1.014165,246.2379,272.2764,RightController
2/21/2017 1:29:09 PM:391,0.08148015,0.9459517,-0.4737038,1.332769,246.7609,272.209,RightController
2/21/2017 1:29:09 PM:434,0.07825768,0.9437228,-0.4859998,1.237276,245.878,270.3393,RightController
2/21/2017 1:29:09 PM:466,0.07637048,0.9416968,-0.4976327,1.892235,245.2551,270.0138,RightController
2/21/2017 1:29:09 PM:496,0.07475281,0.939862,-0.5083669,2.349309,245.1904,271.552,RightController
2/21/2017 1:29:09 PM:525,0.07336855,0.9389668,-0.519383,2.380444,244.7289,272.2225,RightController
2/21/2017 1:29:09 PM:558,0.07225704,0.9373401,-0.5300992,2.592612,244.2599,272.7597,RightController
2/21/2017 1:29:09 PM:601,0.07051659,0.9347876,-0.539116,3.131936,245.1957,273.3542,RightController
2/21/2017 1:29:09 PM:651,0.07054448,0.9316126,-0.5632629,2.676649,241.3976,271.4191,RightController
2/21/2017 1:29:09 PM:715,0.06858087,0.9287206,-0.5815283,3.03539,241.6763,272.9028,RightController
2/21/2017 1:29:09 PM:762,0.06363034,0.9286494,-0.5953102,2.895108,241.4684,274.6483,RightController
2/21/2017 1:29:09 PM:808,0.05942404,0.9261583,-0.6143011,3.127744,241.6675,275.5602,RightController
2/21/2017 1:29:09 PM:871,0.05721819,0.9216152,-0.6321487,3.557171,240.1653,274.5903,RightController
2/21/2017 1:29:09 PM:913,0.05735946,0.9207247,-0.6441629,3.091452,239.0036,274.5876,RightController
2/21/2017 1:29:09 PM:953,0.05734491,0.9189204,-0.6605386,3.306971,238.8702,276.6349,RightController
2/21/2017 1:29:10 PM:17,0.06189728,0.9172579,-0.6791773,3.366782,238.0918,277.751,RightController
2/21/2017 1:29:10 PM:69,0.06388259,0.9178562,-0.69089,3.438638,237.605,278.5575,RightController
2/21/2017 1:29:10 PM:101,0.0676502,0.9183028,-0.7091446,3.640868,236.1975,277.858,RightController
2/21/2017 1:29:10 PM:165,0.07363343,0.9202093,-0.7359313,2.928038,233.1097,277.2671,RightController
2/21/2017 1:29:10 PM:215,0.07379496,0.9211344,-0.748789,2.72812,232.4604,277.2301,RightController
2/21/2017 1:29:10 PM:244,0.07309878,0.9235824,-0.7610846,1.926005,232.0043,276.9345,RightController
2/21/2017 1:29:10 PM:273,0.07110476,0.9256469,-0.7725955,1.495952,232.0826,277.5558,RightController
2/21/2017 1:29:10 PM:307,0.06868541,0.9258872,-0.7844429,1.756682,232.4322,278.6606,RightController
2/21/2017 1:29:10 PM:353,0.06560671,0.9257865,-0.7948617,2.090244,232.9975,279.492,RightController
2/21/2017 1:29:10 PM:385,0.06259394,0.9262558,-0.8091209,1.602483,231.7016,279.2071,RightController
2/21/2017 1:29:10 PM:444,0.0556072,0.9265077,-0.8251977,1.382705,233.3177,281.8123,RightController
2/21/2017 1:29:10 PM:516,0.05209398,0.9262284,-0.8411882,1.128596,232.3339,282.4247,RightController
2/21/2017 1:29:10 PM:546,0.04919827,0.9263486,-0.850541,0.9843265,232.684,283.9515,RightController
2/21/2017 1:29:10 PM:575,0.04667783,0.9264644,-0.859715,0.5972375,232.5323,283.8716,RightController
2/21/2017 1:29:10 PM:608,0.04563916,0.9277927,-0.8688501,359.7601,231.1887,283.5057,RightController
2/21/2017 1:29:10 PM:642,0.04655528,0.9282526,-0.8797157,359.6075,229.7222,283.8149,RightController
2/21/2017 1:29:10 PM:683,0.04639661,0.9278274,-0.8892537,359.3867,229.379,283.6216,RightController
2/21/2017 1:29:10 PM:724,0.04602659,0.9294139,-0.9036602,358.4719,228.8366,285.0823,RightController
2/21/2017 1:29:10 PM:787,0.04790688,0.9314786,-0.9163867,358.0621,228.3899,287.3032,RightController
2/21/2017 1:29:10 PM:835,0.05112588,0.9326503,-0.9236708,357.8612,227.2437,288.5055,RightController
2/21/2017 1:29:10 PM:869,0.06082439,0.9356266,-0.9337226,355.3768,221.3251,296.8608,RightController
2/21/2017 1:29:10 PM:936,0.08303642,0.9390315,-0.9456946,352.985,205.4389,324.9543,RightController
2/21/2017 1:29:10 PM:987,0.08859289,0.9372745,-0.9447111,354.6938,200.8704,341.9791,RightController
2/21/2017 1:29:11 PM:17,0.09494388,0.9344711,-0.9390937,357.7031,195.3653,3.001804,RightController
2/21/2017 1:29:11 PM:81,0.1058234,0.9259405,-0.9209131,7.258587,186.4193,30.93127,RightController
2/21/2017 1:29:11 PM:131,0.1091405,0.9267358,-0.9086769,8.670032,184.5315,36.47162,RightController
2/21/2017 1:29:11 PM:164,0.1079319,0.9234132,-0.893303,12.1922,184.7253,41.65529,RightController
2/21/2017 1:29:11 PM:215,0.1074437,0.9274985,-0.8607352,12.58108,185.6313,50.13779,RightController
2/21/2017 1:29:11 PM:279,0.1102703,0.9349886,-0.8286346,11.9908,184.5081,57.72772,RightController
2/21/2017 1:29:11 PM:319,0.1138933,0.9381022,-0.8077235,12.28429,183.8365,60.18053,RightController
2/21/2017 1:29:11 PM:349,0.1169983,0.9399256,-0.7852167,13.18462,183.5721,58.69354,RightController
2/21/2017 1:29:11 PM:379,0.1168356,0.9401107,-0.7605571,15.27114,185.0279,58.81066,RightController
2/21/2017 1:29:11 PM:417,0.1170326,0.9417208,-0.7362856,15.72693,185.7978,59.9774,RightController
2/21/2017 1:29:11 PM:456,0.1201272,0.945671,-0.7133166,14.31385,184.7031,59.86963,RightController
2/21/2017 1:29:11 PM:486,0.1233182,0.9488536,-0.6894927,13.62384,183.4936,62.76401,RightController
2/21/2017 1:29:11 PM:514,0.1260015,0.950951,-0.6630543,13.34891,182.7268,65.85077,RightController
2/21/2017 1:29:11 PM:546,0.1268172,0.9524243,-0.6341798,13.6041,183.542,64.63088,RightController
2/21/2017 1:29:11 PM:580,0.1250573,0.9513198,-0.6025894,15.48205,185.4325,62.23274,RightController
2/21/2017 1:29:11 PM:622,0.1222097,0.9498314,-0.5704738,17.32691,187.4713,61.5733,RightController
2/21/2017 1:29:11 PM:651,0.1201025,0.9521526,-0.5396903,16.28051,188.2728,61.2554,RightController
2/21/2017 1:29:11 PM:680,0.1196119,0.9564431,-0.5094347,14.12118,187.8775,63.79026,RightController
2/21/2017 1:29:11 PM:714,0.1193273,0.9579476,-0.478403,13.29896,187.8482,65.76906,RightController
2/21/2017 1:29:11 PM:748,0.1203232,0.9584403,-0.4460864,13.45,188.9256,62.53189,RightController
2/21/2017 1:29:11 PM:792,0.1219782,0.9592024,-0.4029593,14.6643,191.9072,57.92395,RightController
2/21/2017 1:29:11 PM:841,0.1291577,0.9650674,-0.3538221,13.5936,192.8283,59.56036,RightController
2/21/2017 1:29:11 PM:904,0.1365032,0.9776032,-0.3073211,10.40376,193.3589,61.43036,RightController
2/21/2017 1:29:11 PM:949,0.1383569,0.9836378,-0.2666469,9.69477,195.7043,62.5012,RightController
2/21/2017 1:29:11 PM:997,0.1364919,0.9866014,-0.2141269,10.88546,200.1594,58.83109,RightController
2/21/2017 1:29:12 PM:61,0.13688,0.9912962,-0.1614201,9.30126,203.5952,61.34399,RightController
2/21/2017 1:29:12 PM:105,0.1381823,0.9969047,-0.1199367,7.131434,206.3347,61.98328,RightController
2/21/2017 1:29:12 PM:154,0.1423652,1.002032,-0.06825742,4.560945,210.2576,62.94993,RightController
2/21/2017 1:29:12 PM:217,0.1501912,1.001897,-0.01746327,3.019347,215.2311,63.38698,RightController
2/21/2017 1:29:12 PM:262,0.1611179,0.9992492,0.02077236,0.2403619,220.5081,56.71553,RightController
2/21/2017 1:29:12 PM:310,0.1834877,0.9888902,0.06165664,356.0703,227.7761,43.53556,RightController
2/21/2017 1:29:12 PM:374,0.2118363,0.9673685,0.0879176,352.1426,235.9034,25.28028,RightController
2/21/2017 1:29:12 PM:418,0.2407024,0.9412585,0.1054801,352.4674,243.536,9.10151,RightController
2/21/2017 1:29:12 PM:466,0.2735232,0.9029512,0.124569,356.8405,253.4251,351.7881,RightController
2/21/2017 1:29:12 PM:530,0.3028708,0.8623586,0.1381218,5.059065,259.7627,340.076,RightController
2/21/2017 1:29:12 PM:575,0.3239918,0.826867,0.1486864,12.48029,262.6395,333.0106,RightController
2/21/2017 1:29:12 PM:623,0.3480395,0.7851218,0.160617,21.38857,266.6234,328.1797,RightController
2/21/2017 1:29:12 PM:687,0.3586462,0.7580957,0.1805019,27.67988,279.3654,322.1705,RightController
2/21/2017 1:29:12 PM:731,0.3615265,0.744247,0.1961951,32.83295,289.9449,310.0211,RightController
2/21/2017 1:29:12 PM:779,0.3565108,0.7313198,0.2080176,39.2122,296.9739,286.7232,RightController
2/21/2017 1:29:12 PM:843,0.3319809,0.7232602,0.2205931,40.92086,296.3777,258.4659,RightController
2/21/2017 1:29:12 PM:887,0.307091,0.7202311,0.233276,38.83166,297.2334,249.6759,RightController
2/21/2017 1:29:12 PM:936,0.2710634,0.7206627,0.2535079,34.77757,304.0947,255.9774,RightController
2/21/2017 1:29:12 PM:999,0.2331548,0.7235098,0.2693774,32.22472,307.5403,258.7107,RightController
2/21/2017 1:29:13 PM:44,0.2031213,0.7269393,0.2758391,29.0312,306.2616,259.6907,RightController
2/21/2017 1:29:13 PM:92,0.1734083,0.7275865,0.2780856,26.88664,305.4189,259.6542,RightController
2/21/2017 1:29:13 PM:156,0.1504787,0.7234061,0.2764045,29.41993,305.9612,264.0909,RightController
2/21/2017 1:29:13 PM:200,0.1364585,0.7217891,0.27369,29.10123,305.6829,267.2504,RightController
2/21/2017 1:29:13 PM:248,0.1225377,0.7201643,0.2704309,28.31235,305.4109,270.2808,RightController
2/21/2017 1:29:13 PM:312,0.1129876,0.7192252,0.2711276,27.60981,305.9043,271.1691,RightController
2/21/2017 1:29:13 PM:357,0.1086147,0.7185996,0.274679,27.01849,306.5679,271.3771,RightController
2/21/2017 1:29:13 PM:405,0.1056973,0.7178389,0.2786863,26.08603,306.995,273.4904,RightController
2/21/2017 1:29:13 PM:469,0.1090844,0.7189764,0.2818234,25.34577,307.7426,275.9377,RightController
2/21/2017 1:29:13 PM:513,0.1190543,0.7229847,0.2854185,25.25168,309.2317,276.081,RightController
2/21/2017 1:29:13 PM:561,0.1461149,0.7324668,0.2929425,25.60889,316.5539,273.0703,RightController
2/21/2017 1:29:13 PM:625,0.193729,0.7558535,0.302187,21.68025,330.141,274.1797,RightController
2/21/2017 1:29:13 PM:669,0.2329055,0.7790952,0.302303,16.78092,338.1747,269.0327,RightController
2/21/2017 1:29:13 PM:717,0.2768621,0.8072442,0.2976487,9.71935,342.833,257.5028,RightController
2/21/2017 1:29:13 PM:781,0.3079401,0.8477019,0.2900719,4.282194,347.4538,253.4047,RightController
2/21/2017 1:29:13 PM:822,0.3095604,0.8749338,0.2842982,6.561981,345.7428,243.9208,RightController
2/21/2017 1:29:13 PM:862,0.3085839,0.9400373,0.273854,4.358241,343.2797,227.3413,RightController
2/21/2017 1:29:13 PM:926,0.3050978,1.036521,0.2572438,351.7367,338.9563,208.7847,RightController
2/21/2017 1:29:13 PM:975,0.3126292,1.088605,0.2460207,346.361,338.4468,197.1893,RightController
2/21/2017 1:29:14 PM:13,0.3254161,1.162823,0.2287462,340.0054,338.6461,181.5564,RightController
2/21/2017 1:29:14 PM:75,0.3382524,1.217642,0.2222557,338.3242,339.5641,169.6085,RightController
2/21/2017 1:29:14 PM:128,0.339926,1.23116,0.2257797,341.2576,338.4647,164.8349,RightController
2/21/2017 1:29:14 PM:164,0.3421891,1.248632,0.2254092,345.4116,334.0875,155.6191,RightController
2/21/2017 1:29:14 PM:231,0.3614028,1.271872,0.2128241,340.2436,335.6559,146.9521,RightController
2/21/2017 1:29:14 PM:291,0.3733799,1.282854,0.2028574,335.8194,337.875,147.2714,RightController
2/21/2017 1:29:14 PM:322,0.3864207,1.296662,0.1857803,330.5615,337.993,142.3065,RightController
2/21/2017 1:29:14 PM:387,0.3957474,1.305628,0.1763506,327.1725,339.6006,139.7603,RightController
2/21/2017 1:29:14 PM:439,0.3998929,1.309015,0.1739938,327.0097,338.9555,138.5939,RightController
2/21/2017 1:29:14 PM:477,0.4087869,1.314797,0.1690989,325.7918,339.5703,134.9336,RightController
2/21/2017 1:29:14 PM:544,0.4205918,1.321024,0.1617592,324.0148,342.015,132.189,RightController
2/21/2017 1:29:14 PM:596,0.4190122,1.321004,0.1619191,324.0488,343.2773,132.6178,RightController
2/21/2017 1:29:14 PM:633,0.4132545,1.321729,0.1596527,323.8357,340.7118,135.5129,RightController
2/21/2017 1:29:14 PM:700,0.4111841,1.322694,0.1538617,324.3974,336.8382,136.7366,RightController
2/21/2017 1:29:14 PM:751,0.4164985,1.324712,0.152053,323.6778,340.0437,135.1702,RightController
2/21/2017 1:29:14 PM:789,0.4191796,1.327509,0.1512132,323.5357,343.3584,134.9184,RightController
2/21/2017 1:29:14 PM:857,0.4150707,1.323559,0.1466677,322.9101,339.4333,135.3272,RightController
2/21/2017 1:29:14 PM:925,0.4128289,1.320525,0.1431878,323.8044,338.2943,135.5278,RightController
2/21/2017 1:29:14 PM:956,0.4118155,1.319778,0.1422181,324.5845,337.0535,135.693,RightController
2/21/2017 1:29:14 PM:987,0.4094712,1.319307,0.1408875,325.2899,335.6661,135.5197,RightController
2/21/2017 1:29:15 PM:20,0.4091083,1.318843,0.1398672,325.9576,335.1208,135.4522,RightController
2/21/2017 1:29:15 PM:64,0.4096638,1.317621,0.1391914,326.501,335.4573,135.2984,RightController
2/21/2017 1:29:15 PM:96,0.4101201,1.316632,0.1381333,327.02,335.4428,135.281,RightController
2/21/2017 1:29:15 PM:158,0.4077867,1.315198,0.1349714,327.5415,333.2894,136.0775,RightController
2/21/2017 1:29:15 PM:230,0.4063176,1.314242,0.1321925,327.8633,331.2278,136.529,RightController
2/21/2017 1:29:15 PM:260,0.4060761,1.313852,0.13076,328.0672,330.2609,136.1626,RightController
2/21/2017 1:29:15 PM:291,0.4061769,1.313602,0.1291455,327.8719,329.2647,135.7324,RightController
2/21/2017 1:29:15 PM:322,0.4064341,1.313984,0.128379,327.0725,328.5778,135.1807,RightController
2/21/2017 1:29:15 PM:356,0.4069346,1.314618,0.1282617,325.6437,328.5961,134.4183,RightController
2/21/2017 1:29:15 PM:400,0.4064641,1.31545,0.1307968,322.712,328.9476,133.7675,RightController
2/21/2017 1:29:15 PM:449,0.398518,1.311908,0.1405207,321.6545,328.9918,135.7859,RightController
2/21/2017 1:29:15 PM:512,0.3784096,1.304214,0.1589913,322.1075,335.7281,146.4523,RightController
2/21/2017 1:29:15 PM:553,0.3585094,1.299645,0.1684414,320.3674,338.31,157.8259,RightController
2/21/2017 1:29:15 PM:605,0.2951218,1.283476,0.1818189,318.6809,327.6207,189.8071,RightController
2/21/2017 1:29:15 PM:669,0.2281405,1.251294,0.1902194,329.6134,306.9721,226.6139,RightController
2/21/2017 1:29:15 PM:710,0.1947583,1.232596,0.1916693,339.5224,298.0962,245.1142,RightController
2/21/2017 1:29:15 PM:761,0.1515236,1.215763,0.1936168,349.1313,291.1674,280.5389,RightController
2/21/2017 1:29:15 PM:825,0.1393962,1.223473,0.1926941,346.6837,290.6195,275.9186,RightController
2/21/2017 1:29:15 PM:870,0.131745,1.233462,0.1910424,343.6213,289.4084,280.0862,RightController
2/21/2017 1:29:15 PM:918,0.1200781,1.238487,0.1892629,344.6874,287.226,275.0786,RightController
2/21/2017 1:29:15 PM:981,0.1121926,1.240428,0.1929961,346.0414,288.5375,271.8068,RightController
2/21/2017 1:29:16 PM:26,0.1080744,1.243478,0.193251,345.7907,287.8432,268.0653,RightController
2/21/2017 1:29:16 PM:74,0.1055433,1.241615,0.1918727,347.6404,286.4941,265.9301,RightController
2/21/2017 1:29:16 PM:146,0.1069739,1.242877,0.1891448,346.3262,284.5782,262.1669,RightController
2/21/2017 1:29:16 PM:188,0.1064571,1.243463,0.1853529,346.7294,282.3985,259.4131,RightController
2/21/2017 1:29:16 PM:300,0.1109127,1.245763,0.182415,345.3793,279.9203,255.5638,RightController
2/21/2017 1:29:16 PM:345,0.1157402,1.247415,0.1822269,344.3949,278.856,253.8718,RightController
2/21/2017 1:29:16 PM:409,0.1240557,1.249702,0.1842102,342.9374,278.3284,253.4144,RightController
2/21/2017 1:29:16 PM:481,0.1335051,1.247606,0.1877867,342.7255,277.7397,251.5641,RightController
2/21/2017 1:29:16 PM:580,0.1562742,1.242666,0.1949207,341.4998,276.3821,249.7311,RightController
2/21/2017 1:29:16 PM:611,0.166073,1.240203,0.1986779,341.0691,276.2675,249.3562,RightController
2/21/2017 1:29:16 PM:651,0.1817201,1.235354,0.2057145,340.2602,277.0078,248.9669,RightController
2/21/2017 1:29:16 PM:700,0.2065015,1.226655,0.2176271,337.9196,279.2588,248.5004,RightController
2/21/2017 1:29:16 PM:763,0.2421659,1.206609,0.2382055,335.1508,286.286,246.4026,RightController
2/21/2017 1:29:16 PM:808,0.2637993,1.183557,0.256676,335.8152,293.6617,242.7749,RightController
2/21/2017 1:29:16 PM:856,0.2858908,1.148681,0.278243,340.7086,298.8745,245.9919,RightController
2/21/2017 1:29:16 PM:920,0.3108177,1.113804,0.3014386,348.1342,302.9587,244.6559,RightController
2/21/2017 1:29:16 PM:962,0.3285722,1.09993,0.3130718,351.2375,305.1345,245.6927,RightController
2/21/2017 1:29:17 PM:13,0.3684809,1.087406,0.3302448,351.7863,310.1503,247.8154,RightController
2/21/2017 1:29:17 PM:82,0.3992689,1.081933,0.3372095,351.9397,313.534,248.6559,RightController
2/21/2017 1:29:17 PM:124,0.4224226,1.076186,0.3394674,352.0833,316.4121,249.7061,RightController
2/21/2017 1:29:17 PM:169,0.4502034,1.067078,0.3391412,352.9095,320.4279,251.5447,RightController
2/21/2017 1:29:17 PM:290,0.4864174,1.050897,0.3284912,354.3598,326.8759,253.6134,RightController
2/21/2017 1:29:17 PM:337,0.5119045,1.036003,0.3136601,356.9672,332.5432,252.9375,RightController
2/21/2017 1:29:17 PM:404,0.5251727,1.024664,0.2970821,359.4277,336.6677,252.8855,RightController
2/21/2017 1:29:17 PM:523,0.5339298,1.020337,0.2763616,359.1366,340.9576,257.0499,RightController
2/21/2017 1:29:17 PM:571,0.5385001,1.022973,0.2667822,358.3517,343.8219,262.3961,RightController
2/21/2017 1:29:17 PM:638,0.5454445,1.029359,0.2553873,356.2726,346.2693,266.0231,RightController
2/21/2017 1:29:17 PM:679,0.5487809,1.031197,0.2492221,355.3839,347.0611,267.062,RightController
2/21/2017 1:29:17 PM:713,0.5518863,1.031318,0.2432511,354.984,347.9568,268.2915,RightController
2/21/2017 1:29:17 PM:758,0.5546563,1.029299,0.2384105,355.1581,348.9487,269.785,RightController
2/21/2017 1:29:17 PM:794,0.5581868,1.024429,0.2310191,356.2008,350.6236,272.9823,RightController
2/21/2017 1:29:17 PM:861,0.5580711,1.015904,0.2242683,358.5302,351.4089,280.4815,RightController
2/21/2017 1:29:17 PM:914,0.5567312,1.011367,0.221624,0.1828432,351.5675,285.5967,RightController
2/21/2017 1:29:17 PM:950,0.5573463,1.002486,0.218913,3.197407,353.2885,291.7528,RightController
2/21/2017 1:29:18 PM:18,0.5577185,0.99523,0.2166078,5.037471,355.227,296.7234,RightController
2/21/2017 1:29:18 PM:77,0.5564389,0.9915811,0.2162997,6.303546,355.5425,300.2812,RightController
2/21/2017 1:29:18 PM:110,0.5532887,0.9845527,0.2166879,9.081816,356.4045,309.5058,RightController
2/21/2017 1:29:18 PM:175,0.5486891,0.9784008,0.217271,10.56093,356.9993,317.7755,RightController
2/21/2017 1:29:18 PM:233,0.5447571,0.9765558,0.2178263,10.66892,356.0153,321.8549,RightController
2/21/2017 1:29:18 PM:275,0.5465512,0.9728358,0.2197602,8.620322,353.5553,322.598,RightController
2/21/2017 1:29:18 PM:342,0.5815895,0.9575822,0.2250653,4.770174,354.5807,323.1848,RightController
2/21/2017 1:29:18 PM:395,0.6281781,0.9401596,0.2274159,5.593215,5.50521,327.541,RightController
2/21/2017 1:29:18 PM:431,0.7032557,0.9120164,0.2183505,3.704394,21.53959,347.6639,RightController
2/21/2017 1:29:18 PM:498,0.7767508,0.8786397,0.1859106,3.767991,37.11118,2.964175,RightController
2/21/2017 1:29:18 PM:550,0.7983911,0.8614521,0.167195,4.222665,40.17834,7.394351,RightController
2/21/2017 1:29:18 PM:587,0.825623,0.8382316,0.1388263,359.9578,43.29872,10.2058,RightController
2/21/2017 1:29:18 PM:654,0.7988336,0.8317827,0.09777568,335.5112,23.16991,40.655,RightController
2/21/2017 1:29:18 PM:711,0.7736537,0.80867,0.07325353,336.2949,7.465553,59.89876,RightController
2/21/2017 1:29:18 PM:743,0.7433975,0.7514886,0.03686667,352.5056,356.0041,58.14529,RightController
2/21/2017 1:29:18 PM:810,0.7091787,0.7008773,-0.01529684,2.029857,353.155,54.91181,RightController
2/21/2017 1:29:18 PM:862,0.6942909,0.6769639,-0.04044551,9.900133,354.238,51.86121,RightController
2/21/2017 1:29:18 PM:892,0.6773238,0.6448574,-0.07393082,22.50386,357.0901,45.33521,RightController
2/21/2017 1:29:18 PM:956,0.6647899,0.6027997,-0.1251073,45.52619,16.04269,29.92277,RightController
2/21/2017 1:29:19 PM:6,0.6607122,0.59812,-0.1413552,52.9043,26.73606,8.359425,RightController
2/21/2017 1:29:19 PM:37,0.6506844,0.5947378,-0.1517177,59.32072,25.25061,357.7346,RightController
2/21/2017 1:29:19 PM:68,0.6361971,0.5940773,-0.1590037,64.12466,13.13119,352.0034,RightController
2/21/2017 1:29:19 PM:98,0.6221938,0.5943642,-0.1633702,66.08154,354.7633,343.6061,RightController
2/21/2017 1:29:19 PM:131,0.6140325,0.5946531,-0.1653799,67.33464,340.0709,334.7855,RightController
2/21/2017 1:29:19 PM:175,0.6127369,0.593905,-0.1661926,68.90887,333.9715,329.0372,RightController
2/21/2017 1:29:19 PM:213,0.6190643,0.5896981,-0.1606872,69.43925,341.8402,333.9186,RightController
2/21/2017 1:29:19 PM:280,0.6373508,0.5858891,-0.1448395,64.54428,7.422978,352.43,RightController
2/21/2017 1:29:19 PM:330,0.6462507,0.5878931,-0.1404742,61.74804,16.85711,356.3365,RightController
2/21/2017 1:29:19 PM:360,0.65066,0.5896658,-0.1402822,60.30761,22.28357,356.7504,RightController
2/21/2017 1:29:19 PM:390,0.6526434,0.5923487,-0.1435829,60.36264,24.24284,355.8586,RightController
2/21/2017 1:29:19 PM:421,0.6516731,0.594573,-0.1476258,61.21131,24.04999,354.8387,RightController
2/21/2017 1:29:19 PM:455,0.6481209,0.5941013,-0.1522907,62.67944,22.40217,353.9356,RightController
2/21/2017 1:29:19 PM:496,0.6452305,0.5937504,-0.1565309,64.01167,20.70113,352.4847,RightController
2/21/2017 1:29:19 PM:537,0.6406739,0.5932612,-0.1623194,66.1478,17.22896,348.5084,RightController
2/21/2017 1:29:19 PM:609,0.6432676,0.6005664,-0.1648976,67.50698,12.94609,345.6187,RightController
2/21/2017 1:29:19 PM:648,0.6389723,0.5959082,-0.1616435,67.06059,10.80005,343.9074,RightController
2/21/2017 1:29:19 PM:693,0.6421094,0.5962616,-0.1575288,66.45181,11.36086,343.764,RightController
2/21/2017 1:29:19 PM:802,0.6465876,0.5986578,-0.1507556,65.70098,11.49762,344.7295,RightController
2/21/2017 1:29:19 PM:850,0.6481478,0.6013384,-0.1466132,65.32849,7.440829,342.0819,RightController
2/21/2017 1:29:19 PM:917,0.6520143,0.6019081,-0.1438498,64.92439,6.415173,342.6771,RightController
2/21/2017 1:29:19 PM:968,0.6551003,0.6020002,-0.1426443,64.60429,7.680888,344.3692,RightController
2/21/2017 1:29:19 PM:998,0.6578362,0.6025637,-0.1408048,63.99344,9.235492,345.9258,RightController
2/21/2017 1:29:20 PM:62,0.6571126,0.6034138,-0.1408458,62.82908,10.75733,345.9817,RightController
2/21/2017 1:29:20 PM:112,0.6544819,0.6037014,-0.1427944,62.7224,10.4108,344.6759,RightController
2/21/2017 1:29:20 PM:144,0.6521859,0.6040586,-0.1458023,63.01184,10.0926,342.8147,RightController
2/21/2017 1:29:20 PM:185,0.648948,0.6050065,-0.1512524,63.26962,10.05532,340.804,RightController
2/21/2017 1:29:20 PM:248,0.6466644,0.6062958,-0.1566578,63.40469,9.833099,339.7227,RightController
2/21/2017 1:29:20 PM:295,0.6438487,0.6074139,-0.1607002,63.64622,8.361788,337.1971,RightController
2/21/2017 1:29:20 PM:341,0.63326,0.600728,-0.1640352,64.025,5.84619,333.5859,RightController
2/21/2017 1:29:20 PM:404,0.6292443,0.6010727,-0.1674878,64.26913,3.378918,329.232,RightController
2/21/2017 1:29:20 PM:445,0.6279223,0.6007587,-0.1699489,64.39395,3.095403,328.0377,RightController
2/21/2017 1:29:20 PM:474,0.627233,0.6005579,-0.1721179,64.49767,2.992579,327.5594,RightController
2/21/2017 1:29:20 PM:505,0.6263721,0.6002915,-0.1735996,64.45684,2.430902,327.0175,RightController
2/21/2017 1:29:20 PM:539,0.6253178,0.600317,-0.174173,64.35115,1.664899,326.0409,RightController
2/21/2017 1:29:20 PM:580,0.6251857,0.6001772,-0.1743319,64.30773,1.261313,325.0909,RightController
2/21/2017 1:29:20 PM:611,0.6254554,0.600047,-0.1743192,64.21305,0.7573466,324.4322,RightController
2/21/2017 1:29:20 PM:640,0.6260245,0.6000553,-0.1744791,64.29667,359.8091,323.8751,RightController
2/21/2017 1:29:20 PM:672,0.6261542,0.6002989,-0.1742001,64.53283,357.3758,321.7974,RightController
2/21/2017 1:29:20 PM:706,0.6254451,0.6005332,-0.1737347,64.62695,354.1725,319.3221,RightController
2/21/2017 1:29:20 PM:757,0.6257653,0.600504,-0.1726962,64.69254,351.7461,318.0083,RightController
2/21/2017 1:29:20 PM:787,0.629204,0.5994326,-0.1692457,64.61795,350.4254,318.546,RightController
2/21/2017 1:29:20 PM:855,0.6376455,0.5967886,-0.1619063,64.29767,353.1201,325.3093,RightController
2/21/2017 1:29:20 PM:913,0.6415095,0.5955495,-0.1574511,64.37949,353.9293,327.7222,RightController
2/21/2017 1:29:20 PM:944,0.6492963,0.5931548,-0.1507735,64.65647,356.2155,331.9738,RightController
2/21/2017 1:29:21 PM:12,0.6726801,0.5855788,-0.1436015,65.42236,15.2614,351.3625,RightController
