2/22/2017 11:46:15 AM:735,0.1710965,0.8311412,0.9133518,346.3578,3.028337,4.881323,LeftController
2/22/2017 11:46:15 AM:767,0.1708065,0.8302085,0.913436,346.9075,2.767111,4.140132,LeftController
2/22/2017 11:46:15 AM:801,0.1707208,0.8302924,0.9135995,346.9325,2.605025,4.233256,LeftController
2/22/2017 11:46:15 AM:836,0.1705943,0.8304624,0.9137115,347.0339,2.154743,4.471921,LeftController
2/22/2017 11:46:15 AM:868,0.170537,0.8307139,0.9139488,347.0132,1.668624,4.782268,LeftController
2/22/2017 11:46:15 AM:902,0.1705903,0.830574,0.9142078,346.8878,1.629727,4.872364,LeftController
2/22/2017 11:46:15 AM:935,0.1709234,0.8311592,0.9141347,346.3882,2.013192,5.038616,LeftController
2/22/2017 11:46:15 AM:969,0.1711407,0.8311811,0.91408,346.4962,1.843064,5.406252,LeftController
2/22/2017 11:46:16 AM:2,0.1712675,0.831421,0.9141384,346.3513,1.849951,5.553653,LeftController
2/22/2017 11:46:16 AM:36,0.1713968,0.8315638,0.9140478,346.4103,1.765611,5.75828,LeftController
2/22/2017 11:46:16 AM:70,0.171412,0.8315036,0.9142402,346.3497,1.757775,5.846396,LeftController
2/22/2017 11:46:16 AM:103,0.1714427,0.8317241,0.914137,346.388,1.777811,5.804639,LeftController
2/22/2017 11:46:16 AM:137,0.1714209,0.831691,0.9141631,346.3961,1.781864,5.779577,LeftController
2/22/2017 11:46:16 AM:171,0.1714228,0.8315465,0.9141041,346.3991,1.744824,5.838633,LeftController
2/22/2017 11:46:16 AM:204,0.1714581,0.831511,0.9140618,346.4874,1.680063,5.881248,LeftController
2/22/2017 11:46:16 AM:237,0.171428,0.8316088,0.9143527,346.4648,1.732417,5.805199,LeftController
2/22/2017 11:46:16 AM:271,0.1714044,0.8316026,0.914225,346.4012,1.770527,5.757867,LeftController
2/22/2017 11:46:16 AM:305,0.1714219,0.831555,0.9141286,346.4016,1.747507,5.825698,LeftController
2/22/2017 11:46:16 AM:338,0.1714542,0.8314354,0.9142755,346.4421,1.682144,5.972424,LeftController
2/22/2017 11:46:16 AM:372,0.171479,0.8315027,0.9141305,346.4561,1.67426,5.942873,LeftController
2/22/2017 11:46:16 AM:405,0.1714349,0.8316831,0.914207,346.3833,1.77483,5.815114,LeftController
2/22/2017 11:46:16 AM:439,0.1714295,0.8316349,0.9141316,346.3425,1.780987,5.849056,LeftController
2/22/2017 11:46:16 AM:472,0.1714614,0.8316599,0.914097,346.4086,1.745278,5.890582,LeftController
2/22/2017 11:46:16 AM:505,0.1714416,0.8316495,0.9140475,346.3769,1.764979,5.843155,LeftController
2/22/2017 11:46:16 AM:539,0.1714551,0.8316069,0.9141452,346.4322,1.725495,5.867496,LeftController
2/22/2017 11:46:16 AM:572,0.1714716,0.831444,0.9143959,346.5416,1.633598,5.94082,LeftController
2/22/2017 11:46:16 AM:606,0.1714293,0.8315549,0.9143935,346.5067,1.704655,5.801646,LeftController
2/22/2017 11:46:16 AM:640,0.1713929,0.8315616,0.9142426,346.411,1.765217,5.749903,LeftController
2/22/2017 11:46:16 AM:673,0.1639851,0.8314676,0.9105872,345.7149,10.19721,6.898071,LeftController
2/22/2017 11:46:16 AM:708,0.1712186,0.8311259,0.914115,346.4882,1.770902,5.652542,LeftController
2/22/2017 11:46:16 AM:741,0.1713322,0.8315261,0.9141285,346.3584,1.826608,5.642461,LeftController
2/22/2017 11:46:16 AM:774,0.1714291,0.8316069,0.914346,346.4774,1.728009,5.813222,LeftController
2/22/2017 11:46:16 AM:809,0.1714119,0.8315994,0.9143374,346.3778,1.769355,5.785803,LeftController
2/22/2017 11:46:16 AM:841,0.1714208,0.8317082,0.9140694,346.3374,1.804448,5.757092,LeftController
2/22/2017 11:46:16 AM:875,0.1714262,0.8317679,0.9139092,346.3801,1.808184,5.743503,LeftController
2/22/2017 11:46:16 AM:908,0.1714186,0.8316439,0.9140456,346.3688,1.782681,5.816544,LeftController
2/22/2017 11:46:16 AM:941,0.171484,0.8315999,0.9142689,346.4809,1.687324,5.951046,LeftController
2/22/2017 11:46:16 AM:974,0.1714581,0.8314524,0.9140427,346.4842,1.672334,5.905849,LeftController
2/22/2017 11:46:17 AM:8,0.1714456,0.8314215,0.9143695,346.3983,1.698508,5.936831,LeftController
2/22/2017 11:46:17 AM:41,0.1714779,0.8315068,0.9142439,346.3745,1.704254,5.974458,LeftController
2/22/2017 11:46:17 AM:76,0.1714976,0.8315608,0.9143342,346.4384,1.683564,5.996056,LeftController
2/22/2017 11:46:17 AM:109,0.1714776,0.8315997,0.9142625,346.4298,1.708577,5.907354,LeftController
2/22/2017 11:46:17 AM:142,0.171451,0.8315271,0.9141706,346.3829,1.726613,5.905945,LeftController
2/22/2017 11:46:17 AM:176,0.1714658,0.8316878,0.9142077,346.417,1.744322,5.867013,LeftController
2/22/2017 11:46:17 AM:209,0.1714453,0.8315944,0.9141556,346.4156,1.737012,5.864941,LeftController
2/22/2017 11:46:17 AM:242,0.1714505,0.8316085,0.9141779,346.444,1.727877,5.864308,LeftController
2/22/2017 11:46:17 AM:276,0.1714418,0.8315434,0.9142854,346.4023,1.732249,5.895477,LeftController
2/22/2017 11:46:17 AM:310,0.1714858,0.8314652,0.9142682,346.438,1.671067,6.014263,LeftController
2/22/2017 11:46:17 AM:343,0.1715066,0.8313469,0.9141499,346.4821,1.612984,6.090806,LeftController
2/22/2017 11:46:17 AM:377,0.1714952,0.8315848,0.9139526,346.4354,1.693063,5.929347,LeftController
2/22/2017 11:46:17 AM:410,0.1715246,0.8313181,0.9137816,346.5616,2.137093,5.403751,LeftController
2/22/2017 11:46:17 AM:444,0.1712119,0.8312677,0.9142078,346.4041,1.841549,5.591214,LeftController
2/22/2017 11:46:17 AM:477,0.1713864,0.8315082,0.9140808,346.3372,1.791005,5.818391,LeftController
2/22/2017 11:46:17 AM:511,0.1714723,0.8315786,0.9141289,346.3657,1.733732,5.976871,LeftController
2/22/2017 11:46:17 AM:544,0.1714779,0.8316521,0.91428,346.4737,1.709898,5.9025,LeftController
2/22/2017 11:46:17 AM:578,0.1716865,0.8309714,0.9139543,346.4815,2.217537,5.452206,LeftController
2/22/2017 11:46:17 AM:612,0.1711634,0.8311051,0.9141443,346.4196,1.779405,5.519506,LeftController
2/22/2017 11:46:17 AM:644,0.1714104,0.8310093,0.9141018,346.4974,2.148341,5.175911,LeftController
2/22/2017 11:46:17 AM:678,0.1711664,0.8310615,0.9140971,346.4351,1.804061,5.570374,LeftController
2/22/2017 11:46:17 AM:711,0.1713587,0.8310919,0.9141989,346.5281,2.120257,5.159359,LeftController
2/22/2017 11:46:17 AM:745,0.1710725,0.8311108,0.9141961,346.3598,1.859874,5.343302,LeftController
2/22/2017 11:46:17 AM:779,0.1739175,0.8315888,0.9162134,347.4449,357.931,6.343678,LeftController
2/22/2017 11:46:17 AM:812,0.1640444,0.8314372,0.9105428,345.7279,10.19141,6.910005,LeftController
2/22/2017 11:46:17 AM:846,0.171231,0.8311953,0.9143031,346.389,1.798916,5.639495,LeftController
2/22/2017 11:46:17 AM:879,0.1714091,0.8315001,0.9144633,346.4632,1.725688,5.819956,LeftController
2/22/2017 11:46:17 AM:913,0.1714172,0.8315346,0.9142622,346.4655,1.722811,5.811609,LeftController
2/22/2017 11:46:17 AM:946,0.1714441,0.8315677,0.914288,346.5291,1.692649,5.823068,LeftController
2/22/2017 11:46:17 AM:980,0.171429,0.8313029,0.9140972,346.4609,1.662289,5.954101,LeftController
2/22/2017 11:46:18 AM:17,0.1714594,0.8314685,0.9142414,346.5002,1.663857,5.908958,LeftController
2/22/2017 11:46:18 AM:48,0.1714444,0.8313833,0.914115,346.4853,1.662018,5.920756,LeftController
2/22/2017 11:46:18 AM:82,0.1714249,0.8314433,0.9143072,346.4329,1.704025,5.841725,LeftController
2/22/2017 11:46:18 AM:115,0.1714111,0.8315345,0.914162,346.4438,1.736487,5.804993,LeftController
2/22/2017 11:46:18 AM:150,0.171426,0.8314877,0.9141308,346.3982,1.730498,5.893864,LeftController
2/22/2017 11:46:18 AM:183,0.1714616,0.8315656,0.9141465,346.4337,1.711381,5.908953,LeftController
2/22/2017 11:46:18 AM:217,0.1714994,0.8315494,0.914156,346.4476,1.681471,5.996787,LeftController
2/22/2017 11:46:18 AM:250,0.1714665,0.8315881,0.9140463,346.4767,1.70015,5.869464,LeftController
2/22/2017 11:46:18 AM:284,0.1714305,0.8315028,0.9142072,346.4911,1.694972,5.819527,LeftController
2/22/2017 11:46:18 AM:318,0.1714205,0.831485,0.9143217,346.4617,1.70702,5.821205,LeftController
2/22/2017 11:46:18 AM:349,0.1714193,0.8315588,0.9140733,346.4516,1.730114,5.791497,LeftController
2/22/2017 11:46:18 AM:383,0.1714118,0.8313729,0.914162,346.3768,1.714121,5.885571,LeftController
2/22/2017 11:46:18 AM:416,0.1714616,0.8314449,0.9140228,346.3239,1.713531,5.989144,LeftController
2/22/2017 11:46:18 AM:450,0.171261,0.8312657,0.9140212,346.3955,1.807908,5.713513,LeftController
2/22/2017 11:46:18 AM:483,0.1714335,0.8315631,0.9141849,346.3441,1.764259,5.877188,LeftController
2/22/2017 11:46:18 AM:517,0.171511,0.8316456,0.914127,346.4336,1.699284,5.98759,LeftController
2/22/2017 11:46:18 AM:550,0.1714937,0.8315276,0.9140955,346.4146,1.68998,5.985994,LeftController
2/22/2017 11:46:18 AM:587,0.1714783,0.8315625,0.9142893,346.4546,1.68914,5.91216,LeftController
2/22/2017 11:46:18 AM:617,0.1714255,0.8315328,0.9141861,346.3784,1.740362,5.841523,LeftController
2/22/2017 11:46:18 AM:650,0.1714234,0.8314584,0.9142373,346.4452,1.700606,5.862698,LeftController
2/22/2017 11:46:18 AM:684,0.171456,0.8313131,0.9143237,346.5501,1.605147,5.942886,LeftController
2/22/2017 11:46:18 AM:717,0.1714147,0.8313963,0.9143036,346.4816,1.677394,5.816525,LeftController
2/22/2017 11:46:18 AM:751,0.1714485,0.8312938,0.9143446,346.4308,1.650682,5.976628,LeftController
2/22/2017 11:46:18 AM:784,0.1714701,0.8313871,0.9143817,346.3984,1.672613,5.995358,LeftController
2/22/2017 11:46:18 AM:818,0.1715192,0.8314775,0.9143946,346.4559,1.644005,6.069791,LeftController
2/22/2017 11:46:18 AM:851,0.1715077,0.8315395,0.9142013,346.3868,1.690967,6.03592,LeftController
2/22/2017 11:46:18 AM:885,0.1714793,0.8316124,0.9142189,346.4059,1.722097,5.928485,LeftController
2/22/2017 11:46:18 AM:918,0.1714495,0.8315775,0.9142417,346.4018,1.732186,5.877957,LeftController
2/22/2017 11:46:18 AM:952,0.1714449,0.8315256,0.9143248,346.4264,1.711172,5.894093,LeftController
2/22/2017 11:46:18 AM:985,0.1714536,0.8314324,0.9141833,346.5215,1.64702,5.893741,LeftController
2/22/2017 11:46:19 AM:20,0.1714333,0.8313316,0.9143792,346.5057,1.638658,5.894838,LeftController
2/22/2017 11:46:19 AM:53,0.1714119,0.8314672,0.9142161,346.3987,1.726557,5.828404,LeftController
2/22/2017 11:46:19 AM:87,0.1714359,0.8315263,0.9143409,346.4187,1.72395,5.870111,LeftController
2/22/2017 11:46:19 AM:119,0.1714648,0.831551,0.9143058,346.4529,1.7007,5.917486,LeftController
2/22/2017 11:46:19 AM:153,0.1714834,0.8315341,0.9144261,346.5231,1.658997,5.93636,LeftController
2/22/2017 11:46:19 AM:186,0.1714649,0.8314934,0.9142076,346.3973,1.704678,5.964264,LeftController
2/22/2017 11:46:19 AM:220,0.1714879,0.8315382,0.9141746,346.4843,1.66889,5.94699,LeftController
2/22/2017 11:46:19 AM:254,0.171433,0.8315622,0.9141162,346.4387,1.725127,5.814692,LeftController
2/22/2017 11:46:19 AM:288,0.1714537,0.8315629,0.9142311,346.4915,1.690043,5.860107,LeftController
2/22/2017 11:46:19 AM:321,0.1714058,0.8315492,0.9142924,346.4432,1.736645,5.761179,LeftController
2/22/2017 11:46:19 AM:358,0.1715944,0.8310689,0.9139642,346.4786,2.19555,5.362302,LeftController
2/22/2017 11:46:19 AM:388,0.1712355,0.8313062,0.9141521,346.4576,1.821039,5.533322,LeftController
2/22/2017 11:46:19 AM:422,0.1713626,0.8314317,0.9142398,346.3533,1.777769,5.759088,LeftController
2/22/2017 11:46:19 AM:455,0.1714467,0.8315569,0.9141331,346.3351,1.754841,5.926,LeftController
2/22/2017 11:46:19 AM:491,0.1715191,0.8315884,0.9139783,346.4628,1.669386,6.017008,LeftController
2/22/2017 11:46:19 AM:524,0.1717622,0.8311538,0.9138523,346.493,2.265994,5.47937,LeftController
2/22/2017 11:46:19 AM:556,0.1711571,0.8311556,0.9142305,346.4273,1.801256,5.47891,LeftController
2/22/2017 11:46:19 AM:591,0.1642683,0.8312349,0.9107572,345.7238,10.21024,6.870488,LeftController
2/22/2017 11:46:19 AM:625,0.1711839,0.8310298,0.9144357,346.7684,1.953395,5.000933,LeftController
2/22/2017 11:46:19 AM:656,0.1641873,0.8315363,0.9107584,345.7169,10.2082,6.871102,LeftController
2/22/2017 11:46:19 AM:690,0.1709244,0.8310025,0.914412,346.5664,1.832236,4.591162,LeftController
2/22/2017 11:46:19 AM:723,0.1708327,0.8309898,0.9145213,346.4539,1.748706,4.514678,LeftController
2/22/2017 11:46:19 AM:758,0.1709416,0.8307483,0.9145289,346.3667,2.085142,4.400774,LeftController
2/22/2017 11:46:19 AM:792,0.1642421,0.8311847,0.9108745,345.7316,10.19637,6.920639,LeftController
2/22/2017 11:46:19 AM:823,0.1641033,0.8315314,0.9107275,345.7212,10.19706,6.914057,LeftController
2/22/2017 11:46:19 AM:857,0.1731168,0.828941,0.9188965,348.4066,358.9874,5.154913,LeftController
2/22/2017 11:46:19 AM:891,0.1708217,0.8301593,0.9145178,346.2608,2.563921,3.913482,LeftController
2/22/2017 11:46:19 AM:924,0.1707317,0.8303655,0.9148394,346.2785,2.508312,4.00007,LeftController
2/22/2017 11:46:19 AM:957,0.1704814,0.8304304,0.9149663,346.2905,2.374131,4.045475,LeftController
2/22/2017 11:46:19 AM:991,0.1704043,0.8304232,0.9152412,346.3221,2.617241,4.100673,LeftController
2/22/2017 11:46:20 AM:24,0.1703444,0.8301739,0.9156134,346.3248,2.495459,4.037498,LeftController
2/22/2017 11:46:20 AM:57,0.1705723,0.8299803,0.9154776,346.264,2.543485,3.888446,LeftController
2/22/2017 11:46:20 AM:91,0.1703435,0.8301047,0.9155009,346.3036,2.407979,3.98599,LeftController
2/22/2017 11:46:20 AM:125,0.1703089,0.8301308,0.9152122,346.3102,2.544791,4.034105,LeftController
2/22/2017 11:46:20 AM:159,0.1702634,0.8301214,0.9152464,346.3187,2.659645,4.01806,LeftController
2/22/2017 11:46:20 AM:193,0.1705265,0.8300992,0.9154493,346.2889,2.528572,3.920475,LeftController
2/22/2017 11:46:20 AM:226,0.1705945,0.8300536,0.9154558,346.2746,2.584377,3.909678,LeftController
2/22/2017 11:46:20 AM:259,0.1704912,0.8301753,0.9156644,346.2988,2.480886,3.974924,LeftController
2/22/2017 11:46:20 AM:293,0.1704805,0.8301805,0.9154169,346.2878,2.490613,3.984978,LeftController
2/22/2017 11:46:20 AM:327,0.1705422,0.8301268,0.9152901,346.2724,2.538789,3.966981,LeftController
2/22/2017 11:46:20 AM:360,0.1705863,0.8299289,0.9153932,346.2546,2.62865,3.866068,LeftController
2/22/2017 11:46:20 AM:394,0.1704345,0.8300691,0.9155195,346.2834,2.491518,3.9441,LeftController
2/22/2017 11:46:20 AM:426,0.1706163,0.8297547,0.9154696,346.2315,2.69693,3.804478,LeftController
2/22/2017 11:46:20 AM:460,0.1704443,0.829928,0.9153904,346.2501,2.55245,3.822006,LeftController
2/22/2017 11:46:20 AM:494,0.1704006,0.8302799,0.9151348,346.2944,2.718713,4.085662,LeftController
2/22/2017 11:46:20 AM:527,0.1704757,0.8302824,0.9155732,346.2989,2.733027,4.158192,LeftController
2/22/2017 11:46:20 AM:561,0.1704629,0.8301741,0.9157615,346.2848,2.462642,4.078219,LeftController
2/22/2017 11:46:20 AM:594,0.1704948,0.82999,0.9153538,346.2387,2.552572,3.953914,LeftController
2/22/2017 11:46:20 AM:628,0.1704929,0.8299483,0.9154606,346.2376,2.553763,3.918434,LeftController
2/22/2017 11:46:20 AM:664,0.1704052,0.8301353,0.9156581,346.2779,2.526706,4.066301,LeftController
2/22/2017 11:46:20 AM:709,0.170577,0.8301395,0.9150806,346.3217,2.44181,3.671043,LeftController
2/22/2017 11:46:20 AM:755,0.17284,0.8284293,0.9202198,347.8947,358.9357,4.402411,LeftController
2/22/2017 11:46:20 AM:820,0.1728467,0.828428,0.9193798,348.0078,358.7669,4.006339,LeftController
2/22/2017 11:46:20 AM:853,0.1702056,0.8302203,0.9148066,346.2682,2.173243,3.483359,LeftController
2/22/2017 11:46:20 AM:887,0.1701407,0.8302701,0.9150158,346.2406,2.452663,3.664756,LeftController
2/22/2017 11:46:20 AM:920,0.1702015,0.8302595,0.9149665,346.2319,2.628352,3.747005,LeftController
2/22/2017 11:46:20 AM:953,0.1701771,0.8302366,0.9150677,346.2549,2.781458,3.773934,LeftController
2/22/2017 11:46:20 AM:987,0.1701388,0.8301567,0.9151033,346.2648,2.846384,3.76686,LeftController
2/22/2017 11:46:21 AM:20,0.170162,0.8301319,0.9150065,346.2589,2.881539,3.787221,LeftController
2/22/2017 11:46:21 AM:54,0.170173,0.8301175,0.9150274,346.2618,2.919808,3.803442,LeftController
2/22/2017 11:46:21 AM:88,0.1699705,0.829873,0.9150265,346.2737,2.786067,3.63469,LeftController
2/22/2017 11:46:21 AM:122,0.1700763,0.8299953,0.9150546,346.2835,2.782931,3.697633,LeftController
2/22/2017 11:46:21 AM:160,0.1701329,0.8300475,0.9149882,346.2823,2.863636,3.758055,LeftController
2/22/2017 11:46:21 AM:193,0.1639106,0.8317569,0.9101473,345.6394,10.19232,6.854164,LeftController
2/22/2017 11:46:21 AM:222,0.1639015,0.831784,0.9101638,345.6461,10.19281,6.859911,LeftController
2/22/2017 11:46:21 AM:256,0.1699812,0.8301209,0.914187,346.3382,2.203796,2.997288,LeftController
2/22/2017 11:46:21 AM:290,0.1700851,0.8303156,0.9139904,346.3382,2.252486,2.931054,LeftController
2/22/2017 11:46:21 AM:329,0.163695,0.8317709,0.9104364,345.655,10.1879,6.88146,LeftController
2/22/2017 11:46:21 AM:360,0.1699124,0.830417,0.9144469,346.2718,2.461654,2.824906,LeftController
2/22/2017 11:46:21 AM:414,0.1718808,0.828502,0.9177741,347.6154,359.0556,2.592996,LeftController
2/22/2017 11:46:21 AM:466,0.1697951,0.830403,0.9140034,346.2536,2.664253,2.749889,LeftController
2/22/2017 11:46:21 AM:499,0.1698833,0.830565,0.9135713,346.194,2.628438,2.75773,LeftController
2/22/2017 11:46:21 AM:532,0.1696296,0.8305481,0.9139647,346.3176,2.730801,2.892025,LeftController
2/22/2017 11:46:21 AM:567,0.1696462,0.8302971,0.9140725,346.2784,2.854717,2.896158,LeftController
2/22/2017 11:46:21 AM:601,0.1698091,0.8304338,0.9138864,346.2394,2.748989,2.620545,LeftController
2/22/2017 11:46:21 AM:634,0.1634676,0.8322235,0.9103918,345.6519,10.17901,6.877786,LeftController
2/22/2017 11:46:21 AM:668,0.16977,0.8306507,0.9140922,346.2566,2.719094,2.693677,LeftController
2/22/2017 11:46:21 AM:702,0.169832,0.8305409,0.9139561,346.2422,2.885587,2.647714,LeftController
2/22/2017 11:46:21 AM:734,0.1698637,0.8303769,0.9138499,346.2406,3.022062,2.590607,LeftController
2/22/2017 11:46:21 AM:768,0.169833,0.8304422,0.913515,346.2505,3.043191,2.632523,LeftController
2/22/2017 11:46:21 AM:801,0.1635509,0.8321397,0.9102341,345.6472,10.18093,6.869964,LeftController
2/22/2017 11:46:21 AM:835,0.1699466,0.8303097,0.9138677,346.2567,3.184843,2.573596,LeftController
2/22/2017 11:46:21 AM:874,0.1699703,0.8303021,0.9137414,346.2624,3.226053,2.592287,LeftController
2/22/2017 11:46:21 AM:905,0.1699185,0.8303832,0.9136814,346.2785,3.187098,2.644094,LeftController
2/22/2017 11:46:21 AM:954,0.1635231,0.8318809,0.9101874,345.635,10.17931,6.882133,LeftController
2/22/2017 11:46:21 AM:984,0.1701417,0.8301017,0.9134061,346.1319,3.368996,2.425028,LeftController
2/22/2017 11:46:22 AM:42,0.1721161,0.8275496,0.9170344,348.2457,359.8938,2.601806,LeftController
2/22/2017 11:46:22 AM:95,0.1703338,0.8300912,0.9137702,346.1786,3.518858,2.478016,LeftController
2/22/2017 11:46:22 AM:128,0.1703659,0.8299806,0.9137912,346.1836,3.569126,2.456019,LeftController
2/22/2017 11:46:22 AM:161,0.1703787,0.8298768,0.9137651,346.1842,3.606808,2.421762,LeftController
2/22/2017 11:46:22 AM:206,0.1701878,0.8301883,0.9137747,346.2137,3.409479,2.525585,LeftController
2/22/2017 11:46:22 AM:266,0.172157,0.8274191,0.9170344,348.376,359.9905,2.809291,LeftController
2/22/2017 11:46:22 AM:317,0.1704419,0.8297999,0.9139606,346.1744,3.659647,2.39926,LeftController
2/22/2017 11:46:22 AM:351,0.170475,0.8298794,0.9138653,346.173,3.662882,2.428445,LeftController
2/22/2017 11:46:22 AM:384,0.1704921,0.8297133,0.9137294,346.1483,3.730053,2.37179,LeftController
2/22/2017 11:46:22 AM:418,0.1704994,0.8296074,0.9137652,346.1253,3.759979,2.338611,LeftController
2/22/2017 11:46:22 AM:451,0.1704051,0.8297964,0.9136916,346.1821,3.662642,2.398701,LeftController
2/22/2017 11:46:22 AM:485,0.1705416,0.8295318,0.913847,346.1336,3.78012,2.338774,LeftController
2/22/2017 11:46:22 AM:518,0.1705458,0.8293945,0.9138224,346.1378,3.78631,2.332995,LeftController
2/22/2017 11:46:22 AM:550,0.1705999,0.8295256,0.9138631,346.133,3.810517,2.345813,LeftController
2/22/2017 11:46:22 AM:584,0.1706649,0.8295687,0.9138507,346.13,3.850065,2.351908,LeftController
2/22/2017 11:46:22 AM:619,0.1706973,0.8295084,0.9138894,346.1302,3.865736,2.354303,LeftController
2/22/2017 11:46:22 AM:652,0.1707103,0.8295121,0.9139982,346.1356,3.863725,2.35645,LeftController
2/22/2017 11:46:22 AM:687,0.1707352,0.8295392,0.9139304,346.1335,3.885359,2.363497,LeftController
2/22/2017 11:46:22 AM:718,0.1706998,0.8293837,0.9139939,346.1283,3.862092,2.351861,LeftController
2/22/2017 11:46:22 AM:751,0.1707008,0.8291863,0.9137876,346.1169,3.886046,2.337647,LeftController
2/22/2017 11:46:22 AM:784,0.170784,0.8294475,0.9139816,346.1307,3.915783,2.358603,LeftController
2/22/2017 11:46:22 AM:818,0.170795,0.8294385,0.9138011,346.1195,3.939421,2.356699,LeftController
2/22/2017 11:46:22 AM:851,0.170776,0.8295107,0.9136788,346.1206,3.94149,2.356927,LeftController
2/22/2017 11:46:22 AM:885,0.1707526,0.8294841,0.9137195,346.1253,3.924284,2.356746,LeftController
2/22/2017 11:46:22 AM:918,0.1707462,0.8294986,0.9137344,346.1244,3.918517,2.363446,LeftController
2/22/2017 11:46:22 AM:952,0.1707665,0.8295952,0.9137267,346.1262,3.92872,2.372669,LeftController
2/22/2017 11:46:22 AM:985,0.170713,0.8296441,0.913892,346.1396,3.883294,2.372984,LeftController
2/22/2017 11:46:23 AM:26,0.1642452,0.8312624,0.9108304,345.6386,10.17085,6.915327,LeftController
2/22/2017 11:46:23 AM:57,0.1642922,0.8314681,0.9109579,345.638,10.17392,6.905182,LeftController
2/22/2017 11:46:23 AM:113,0.1723612,0.8270753,0.9171884,348.2614,0.3617584,2.69959,LeftController
2/22/2017 11:46:23 AM:166,0.1704146,0.8299753,0.9139216,346.1825,3.622161,2.462198,LeftController
2/22/2017 11:46:23 AM:198,0.1639528,0.831794,0.910396,345.614,10.16801,6.895028,LeftController
2/22/2017 11:46:23 AM:233,0.1703749,0.8297423,0.9137564,346.1706,3.67758,2.385796,LeftController
2/22/2017 11:46:23 AM:266,0.1703449,0.8298782,0.9138282,346.1789,3.620209,2.428226,LeftController
2/22/2017 11:46:23 AM:298,0.1703511,0.8299574,0.9138663,346.1845,3.600215,2.452657,LeftController
2/22/2017 11:46:23 AM:331,0.1703234,0.8300232,0.9138917,346.1849,3.563054,2.473454,LeftController
2/22/2017 11:46:23 AM:365,0.1703136,0.8299577,0.9137763,346.1727,3.587064,2.448063,LeftController
2/22/2017 11:46:23 AM:398,0.1703245,0.8299748,0.9137374,346.1688,3.594096,2.452239,LeftController
2/22/2017 11:46:23 AM:431,0.170311,0.829728,0.9136528,346.1581,3.667923,2.369382,LeftController
2/22/2017 11:46:23 AM:465,0.1703234,0.8299231,0.9136438,346.166,3.618049,2.432635,LeftController
2/22/2017 11:46:23 AM:499,0.1703086,0.8300195,0.9135904,346.1664,3.582852,2.470436,LeftController
2/22/2017 11:46:23 AM:535,0.163894,0.8317797,0.9103507,345.6074,10.16949,6.882897,LeftController
2/22/2017 11:46:23 AM:591,0.1725023,0.8269139,0.9170365,348.1632,0.5940069,2.651478,LeftController
2/22/2017 11:46:23 AM:644,0.1704438,0.8298435,0.9137863,346.163,3.705054,2.412062,LeftController
2/22/2017 11:46:23 AM:681,0.1705187,0.8298317,0.9138598,346.1581,3.75039,2.410694,LeftController
2/22/2017 11:46:23 AM:711,0.1641619,0.8315885,0.9106975,345.6099,10.17027,6.873285,LeftController
2/22/2017 11:46:23 AM:745,0.1705662,0.8294712,0.913626,346.1154,3.86403,2.326424,LeftController
2/22/2017 11:46:23 AM:780,0.1705869,0.8293961,0.913682,346.1166,3.872022,2.327916,LeftController
2/22/2017 11:46:23 AM:814,0.1641746,0.8313906,0.9106807,345.6076,10.16069,6.886886,LeftController
2/22/2017 11:46:23 AM:845,0.1642286,0.8314013,0.9106675,345.6077,10.1653,6.884962,LeftController
2/22/2017 11:46:23 AM:879,0.1706738,0.8295954,0.9136389,346.1154,3.926202,2.345527,LeftController
2/22/2017 11:46:23 AM:913,0.1706847,0.8295059,0.9136778,346.1093,3.933417,2.341264,LeftController
2/22/2017 11:46:23 AM:946,0.1706625,0.8294429,0.9139209,346.1213,3.906156,2.33259,LeftController
2/22/2017 11:46:23 AM:979,0.1643912,0.8313699,0.9109559,345.6145,10.17594,6.872571,LeftController
2/22/2017 11:46:24 AM:13,0.1709163,0.8294392,0.9138874,346.0963,4.056823,2.365226,LeftController
2/22/2017 11:46:24 AM:47,0.170737,0.8293697,0.913729,346.1089,3.968664,2.338263,LeftController
2/22/2017 11:46:24 AM:81,0.1726982,0.8266702,0.9172485,348.0924,0.7989367,2.64308,LeftController
2/22/2017 11:46:24 AM:114,0.1707063,0.829218,0.9139163,346.1137,3.935217,2.334756,LeftController
2/22/2017 11:46:24 AM:147,0.1707153,0.8292413,0.9137406,346.1047,3.954469,2.336705,LeftController
2/22/2017 11:46:24 AM:181,0.1708808,0.8290449,0.9138246,346.0956,4.045926,2.352103,LeftController
2/22/2017 11:46:24 AM:214,0.1707747,0.8293098,0.9136273,346.0975,4.002824,2.345643,LeftController
2/22/2017 11:46:24 AM:248,0.1705403,0.8297563,0.9136776,346.1386,3.80831,2.398793,LeftController
2/22/2017 11:46:24 AM:281,0.1704376,0.8299186,0.9135396,346.1436,3.713972,2.450783,LeftController
2/22/2017 11:46:24 AM:315,0.1705348,0.8297751,0.9136827,346.1479,3.808682,2.396275,LeftController
2/22/2017 11:46:24 AM:348,0.17055,0.8297591,0.9138918,346.1495,3.80909,2.393444,LeftController
2/22/2017 11:46:24 AM:382,0.1704835,0.8296099,0.9140875,346.1349,3.803407,2.328145,LeftController
2/22/2017 11:46:24 AM:416,0.1705564,0.8297165,0.9141319,346.1458,3.80861,2.377843,LeftController
2/22/2017 11:46:24 AM:452,0.1706923,0.8296471,0.9138437,346.1185,3.927948,2.3685,LeftController
2/22/2017 11:46:24 AM:486,0.1707122,0.8295536,0.9138611,346.0971,3.961211,2.34268,LeftController
2/22/2017 11:46:24 AM:519,0.1705332,0.8297692,0.9137293,346.1299,3.812438,2.395769,LeftController
2/22/2017 11:46:24 AM:552,0.170532,0.8298172,0.9135435,346.1255,3.812925,2.415768,LeftController
2/22/2017 11:46:24 AM:585,0.1705438,0.8298845,0.9135603,346.1466,3.800318,2.442449,LeftController
2/22/2017 11:46:24 AM:619,0.170498,0.8299968,0.9138944,346.1721,3.719675,2.481488,LeftController
2/22/2017 11:46:24 AM:652,0.1705078,0.8298244,0.9137906,346.1615,3.783244,2.421451,LeftController
2/22/2017 11:46:24 AM:686,0.1704855,0.8295364,0.913757,346.136,3.844874,2.329637,LeftController
2/22/2017 11:46:24 AM:719,0.1706549,0.8295705,0.9138946,346.1486,3.930271,2.351974,LeftController
2/22/2017 11:46:24 AM:753,0.170731,0.8296018,0.9137646,346.1433,3.978834,2.366758,LeftController
2/22/2017 11:46:24 AM:786,0.1704871,0.8295048,0.9137587,346.1467,3.84521,2.330581,LeftController
2/22/2017 11:46:24 AM:820,0.1705058,0.8295339,0.9137308,346.1491,3.869487,2.322342,LeftController
2/22/2017 11:46:24 AM:851,0.1705188,0.8298225,0.9138569,346.1787,3.796551,2.416111,LeftController
2/22/2017 11:46:24 AM:885,0.1706435,0.8296462,0.9137561,346.1699,3.933494,2.357431,LeftController
2/22/2017 11:46:24 AM:918,0.1705575,0.8298417,0.9137874,346.1894,3.83,2.422979,LeftController
2/22/2017 11:46:24 AM:961,0.1703671,0.8298293,0.9136617,346.2089,3.725884,2.419174,LeftController
2/22/2017 11:46:25 AM:6,0.1704723,0.8297096,0.9134867,346.2046,3.842496,2.374172,LeftController
2/22/2017 11:46:25 AM:67,0.1724421,0.8270764,0.9166555,348.0861,0.8364473,2.686218,LeftController
2/22/2017 11:46:25 AM:134,0.1726298,0.8272464,0.9164091,347.2024,1.401877,2.630975,LeftController
2/22/2017 11:46:25 AM:186,0.1699287,0.8296866,0.9143333,345.4563,3.439222,3.121126,LeftController
2/22/2017 11:46:25 AM:220,0.1693417,0.828249,0.9146481,345.5045,3.603327,1.355578,LeftController
2/22/2017 11:46:25 AM:254,0.1747863,0.8194972,0.9155238,347.2217,6.89801,354.2371,LeftController
2/22/2017 11:46:25 AM:288,0.1832179,0.8156132,0.9151807,346.1498,15.1965,350.4298,LeftController
2/22/2017 11:46:25 AM:321,0.1855474,0.8145788,0.917355,345.2921,17.97578,348.6963,LeftController
2/22/2017 11:46:25 AM:355,0.1945273,0.8077303,0.9200461,340.4151,22.96165,346.3961,LeftController
2/22/2017 11:46:25 AM:389,0.1951474,0.8100461,0.9210908,338.3257,14.88379,358.7495,LeftController
2/22/2017 11:46:25 AM:422,0.1915921,0.8018382,0.9179537,318.0986,5.933408,5.423376,LeftController
2/22/2017 11:46:25 AM:455,0.1879725,0.8000597,0.9112892,323.4047,8.245402,4.03556,LeftController
2/22/2017 11:46:25 AM:489,0.1873347,0.7929005,0.9070144,328.851,11.09971,5.433277,LeftController
2/22/2017 11:46:25 AM:524,0.1591998,0.8223315,0.9116979,345.6766,9.282495,10.65527,LeftController
2/22/2017 11:46:25 AM:555,0.1882008,0.794848,0.9039123,327.1945,8.370795,11.54661,LeftController
2/22/2017 11:46:25 AM:588,0.179406,0.8010666,0.9087847,337.7456,7.235553,13.0884,LeftController
2/22/2017 11:46:25 AM:622,0.1722936,0.7906129,0.9171268,342.8346,7.093663,359.89,LeftController
2/22/2017 11:46:25 AM:656,0.175088,0.7923542,0.9156634,347.3519,11.36578,347.068,LeftController
2/22/2017 11:46:25 AM:689,0.1462464,0.8314946,0.9122756,345.7757,6.880254,20.74202,LeftController
2/22/2017 11:46:25 AM:722,0.1736883,0.7872976,0.9145934,342.1133,6.870066,4.875217,LeftController
2/22/2017 11:46:25 AM:755,0.1745008,0.7859994,0.9160855,341.2159,6.37905,6.166856,LeftController
2/22/2017 11:46:25 AM:791,0.1815026,0.8063902,0.9197347,357.6234,4.742344,5.788059,LeftController
2/22/2017 11:46:25 AM:828,0.1829582,0.8045858,0.9143983,350.1313,12.6779,359.7764,LeftController
2/22/2017 11:46:25 AM:861,0.1851313,0.8067442,0.9198954,350.6602,10.06303,13.27243,LeftController
2/22/2017 11:46:25 AM:889,0.1535854,0.8324578,0.9148182,347.5627,10.08569,24.3165,LeftController
2/22/2017 11:46:25 AM:923,0.1877637,0.8090351,0.9227828,359.7471,5.562844,10.49219,LeftController
2/22/2017 11:46:25 AM:957,0.1829883,0.8061667,0.9226989,356.2271,5.755167,7.438898,LeftController
2/22/2017 11:46:25 AM:998,0.1462215,0.8408483,0.9106975,350.0375,4.07064,19.97991,LeftController
2/22/2017 11:46:26 AM:36,0.1820263,0.823693,0.9154447,0.9120666,358.4044,20.42524,LeftController
2/22/2017 11:46:26 AM:88,0.2116313,0.8611136,0.9061716,341.512,348.1794,8.82703,LeftController
2/22/2017 11:46:26 AM:156,0.1328235,0.9144762,0.8236981,354.4267,346.4668,11.74512,LeftController
2/22/2017 11:46:26 AM:208,0.1277555,0.9557643,0.8182941,345.0204,344.0886,7.506487,LeftController
2/22/2017 11:46:26 AM:241,0.1208295,0.9805162,0.8092065,341.3605,342.6661,3.702996,LeftController
2/22/2017 11:46:26 AM:275,0.719147,0.5670224,1.144218,343.8238,357.1579,342.3094,LeftController
2/22/2017 11:46:26 AM:308,0.8122448,0.4844986,1.154157,343.5205,350.4217,343.5789,LeftController
2/22/2017 11:46:26 AM:341,0.9094483,0.4275621,1.156866,329.4332,342.756,340.9408,LeftController
2/22/2017 11:46:26 AM:374,1.005443,0.3834875,1.160657,324.7977,340.4875,338.307,LeftController
2/22/2017 11:46:26 AM:408,1.102314,0.3396159,1.166079,321.6159,338.0637,335.5617,LeftController
2/22/2017 11:46:26 AM:443,1.202654,0.2974029,1.165047,318.4724,334.5807,334.5623,LeftController
2/22/2017 11:46:26 AM:476,1.304786,0.2552041,1.157339,315.6213,330.1922,334.6698,LeftController
2/22/2017 11:46:26 AM:520,1.431699,0.2005426,1.127019,312.6682,321.7941,336.3278,LeftController
2/22/2017 11:46:26 AM:568,1.589863,0.1169904,1.073634,312.6347,314.925,338.1429,LeftController
2/22/2017 11:46:26 AM:632,1.689696,0.07780287,0.9687239,309.9881,284.7682,355.043,LeftController
2/22/2017 11:46:26 AM:665,1.69641,0.07129021,0.8994412,317.3007,278.172,351.8488,LeftController
2/22/2017 11:46:26 AM:699,1.710833,0.07673776,0.8193203,320.5363,272.8904,352.6654,LeftController
2/22/2017 11:46:26 AM:732,1.6968,0.09196818,0.7324634,324.619,269.3439,351.0533,LeftController
2/22/2017 11:46:26 AM:766,1.679115,0.1116897,0.649393,329.722,267.3264,347.9637,LeftController
2/22/2017 11:46:26 AM:803,1.664404,0.1232657,0.5955439,334.2447,268.7803,340.7917,LeftController
2/22/2017 11:46:26 AM:845,1.660195,0.1316661,0.5196562,338.5332,268.1669,340.4791,LeftController
2/22/2017 11:46:26 AM:905,1.482513,0.2702032,0.4114353,345.4886,270.3301,350.4533,LeftController
2/22/2017 11:46:26 AM:957,1.235529,0.4618086,0.3661085,355.7238,273.5488,356.6461,LeftController
2/22/2017 11:46:26 AM:990,1.069705,0.5426258,0.3290294,356.4118,276.6557,359.3666,LeftController
2/22/2017 11:46:27 AM:24,0.8223088,0.7068423,0.2871938,358.1351,278.3298,9.33369,LeftController
2/22/2017 11:46:27 AM:57,0.5824236,0.8703697,0.2550673,358.8739,276.6461,17.3873,LeftController
2/22/2017 11:46:27 AM:91,0.3986252,1.006047,0.2234279,356.7191,278.0901,26.0196,LeftController
2/22/2017 11:46:27 AM:129,0.2808595,1.097399,0.199391,356.4327,280.4475,24.17569,LeftController
2/22/2017 11:46:27 AM:183,0.1630668,1.211454,0.1192678,356.9245,273.9478,26.80427,LeftController
2/22/2017 11:46:27 AM:251,0.2046042,1.17474,0.07778772,348.7762,269.6519,19.6473,LeftController
2/22/2017 11:46:27 AM:303,0.2180829,1.173498,0.05357562,347.8272,260.3347,20.80284,LeftController
2/22/2017 11:46:27 AM:336,0.2274542,1.165938,0.03547762,349.0759,252.9638,21.20756,LeftController
2/22/2017 11:46:27 AM:370,0.2366876,1.162218,0.01565216,349.803,249.4083,22.39339,LeftController
2/22/2017 11:46:27 AM:403,0.242747,1.161659,-0.00142134,350.6601,245.8434,21.11174,LeftController
2/22/2017 11:46:27 AM:440,0.2477909,1.161751,-0.01764304,352.101,242.5346,23.72401,LeftController
2/22/2017 11:46:27 AM:496,0.2635942,1.164194,-0.04569468,352.8949,242.4978,29.35388,LeftController
2/22/2017 11:46:27 AM:563,0.2656926,1.15385,-0.05793498,353.7534,241.5381,30.48028,LeftController
2/22/2017 11:46:27 AM:615,0.2625742,1.133706,-0.0595719,357.5051,239.1661,30.28259,LeftController
2/22/2017 11:46:27 AM:642,0.2618498,1.115546,-0.05990179,1.847148,236.0208,30.82121,LeftController
2/22/2017 11:46:27 AM:676,0.2696749,1.101019,-0.06244399,6.003163,237.0935,30.89639,LeftController
2/22/2017 11:46:27 AM:710,0.2737508,1.08844,-0.06002143,9.429081,236.7581,30.50133,LeftController
2/22/2017 11:46:27 AM:745,0.276881,1.079897,-0.05521596,11.10299,237.5792,30.83646,LeftController
2/22/2017 11:46:27 AM:779,0.2799058,1.074116,-0.05008183,11.48327,238.7454,31.59057,LeftController
2/22/2017 11:46:27 AM:812,0.283392,1.069625,-0.04521919,11.82759,239.6414,31.89682,LeftController
2/22/2017 11:46:27 AM:845,0.2870617,1.064895,-0.04109066,12.562,240.1617,32.55508,LeftController
2/22/2017 11:46:27 AM:879,0.290612,1.060483,-0.03750953,13.49375,240.7334,33.55529,LeftController
2/22/2017 11:46:27 AM:912,0.2902471,1.055531,-0.0323844,14.34996,239.1342,33.95577,LeftController
2/22/2017 11:46:27 AM:946,0.2966821,1.05448,-0.03144507,14.41937,241.9477,33.56651,LeftController
2/22/2017 11:46:27 AM:980,0.2995013,1.052239,-0.03019192,14.84833,242.3087,33.58399,LeftController
2/22/2017 11:46:28 AM:13,0.2988626,1.048095,-0.0279302,15.57769,240.1789,33.64995,LeftController
2/22/2017 11:46:28 AM:46,0.3019868,1.045829,-0.0288009,16.03727,240.004,33.24545,LeftController
2/22/2017 11:46:28 AM:80,0.3044571,1.043818,-0.02971937,16.3943,239.7691,33.07825,LeftController
2/22/2017 11:46:28 AM:118,0.3104052,1.043934,-0.03265828,16.33088,241.8517,32.75381,LeftController
2/22/2017 11:46:28 AM:147,0.3088364,1.041426,-0.03218273,16.80459,239.4841,32.48506,LeftController
2/22/2017 11:46:28 AM:181,0.3105828,1.040341,-0.03363846,17.02292,239.3186,32.23631,LeftController
2/22/2017 11:46:28 AM:214,0.3118564,1.039436,-0.03484931,17.15129,239.1509,32.06134,LeftController
2/22/2017 11:46:28 AM:247,0.3132197,1.039405,-0.03601965,17.14354,238.9942,31.80565,LeftController
2/22/2017 11:46:28 AM:281,0.3143759,1.039645,-0.03679914,17.15264,238.8977,31.51573,LeftController
2/22/2017 11:46:28 AM:315,0.3187578,1.041533,-0.03932262,16.92095,241.0164,31.23803,LeftController
2/22/2017 11:46:28 AM:348,0.31943,1.042582,-0.03944556,16.76498,241.1915,31.07927,LeftController
2/22/2017 11:46:28 AM:382,0.3200062,1.043609,-0.0393593,16.6255,241.3636,30.98084,LeftController
2/22/2017 11:46:28 AM:413,0.3202517,1.044881,-0.03972265,16.44876,241.459,30.88251,LeftController
2/22/2017 11:46:28 AM:447,0.3210241,1.046327,-0.0400884,16.10748,241.4597,30.56055,LeftController
2/22/2017 11:46:28 AM:481,0.3220696,1.048096,-0.04124052,15.76715,241.2574,30.12207,LeftController
2/22/2017 11:46:28 AM:517,0.3234291,1.049303,-0.04268428,15.47645,240.9376,29.66815,LeftController
2/22/2017 11:46:28 AM:553,0.3249933,1.050082,-0.04410757,15.22787,240.6583,29.04066,LeftController
2/22/2017 11:46:28 AM:597,0.3267576,1.050241,-0.0453961,15.05433,240.3517,28.54401,LeftController
2/22/2017 11:46:28 AM:641,0.3331376,1.050998,-0.04879526,14.93245,242.2874,27.6088,LeftController
2/22/2017 11:46:28 AM:705,0.3360709,1.049236,-0.05025808,15.0285,242.2694,27.12232,LeftController
2/22/2017 11:46:28 AM:737,0.3342018,1.0469,-0.0501451,15.4135,239.817,26.94396,LeftController
2/22/2017 11:46:28 AM:771,0.3360389,1.04605,-0.05171198,15.57144,239.3887,26.4687,LeftController
2/22/2017 11:46:28 AM:804,0.3375552,1.045391,-0.05308333,15.66637,239.0959,26.10943,LeftController
2/22/2017 11:46:28 AM:846,0.3391487,1.044948,-0.05465312,15.76282,238.9021,25.84277,LeftController
2/22/2017 11:46:28 AM:893,0.3402145,1.045704,-0.05597815,15.53993,238.7707,24.802,LeftController
2/22/2017 11:46:28 AM:945,0.3454249,1.050042,-0.05943215,14.38763,240.9469,22.73579,LeftController
2/22/2017 11:46:29 AM:9,0.3471342,1.054728,-0.05991451,13.1156,241.4114,20.35232,LeftController
2/22/2017 11:46:29 AM:61,0.345798,1.054615,-0.05895153,12.85102,239.3017,19.65322,LeftController
2/22/2017 11:46:29 AM:95,0.3478339,1.055366,-0.05985397,12.56642,239.257,18.78815,LeftController
2/22/2017 11:46:29 AM:129,0.3504979,1.055375,-0.06083849,12.50362,239.0141,17.98029,LeftController
2/22/2017 11:46:29 AM:162,0.3537568,1.054355,-0.06197628,12.61462,238.6061,17.3343,LeftController
2/22/2017 11:46:29 AM:195,0.3571111,1.053179,-0.06310666,12.7356,238.1978,16.72356,LeftController
2/22/2017 11:46:29 AM:230,0.3608957,1.05224,-0.06386029,12.83923,238.0154,16.395,LeftController
2/22/2017 11:46:29 AM:263,0.3649187,1.051282,-0.06458233,13.0387,237.9368,16.30923,LeftController
2/22/2017 11:46:29 AM:297,0.3691705,1.04958,-0.06538662,13.42543,237.7072,16.57899,LeftController
2/22/2017 11:46:29 AM:329,0.3737988,1.047647,-0.06634832,13.84044,237.1945,16.705,LeftController
2/22/2017 11:46:29 AM:363,0.3781252,1.045627,-0.06797487,14.20699,236.507,16.4285,LeftController
2/22/2017 11:46:29 AM:400,0.382131,1.043435,-0.06961194,14.63534,235.7668,16.18829,LeftController
2/22/2017 11:46:29 AM:433,0.3861038,1.041598,-0.07118891,15.06321,235.0144,16.39603,LeftController
2/22/2017 11:46:29 AM:465,0.3855742,1.038202,-0.07032495,15.64868,232.3551,16.71887,LeftController
2/22/2017 11:46:29 AM:499,0.3915946,1.038004,-0.07372136,15.62004,233.9287,16.46282,LeftController
2/22/2017 11:46:29 AM:532,0.3936012,1.036393,-0.07436043,15.86734,233.3678,16.31262,LeftController
2/22/2017 11:46:29 AM:577,0.3949863,1.034821,-0.07497729,16.26571,232.9441,16.32655,LeftController
2/22/2017 11:46:29 AM:637,0.3996149,1.035688,-0.07589686,16.01219,235.0273,16.23187,LeftController
2/22/2017 11:46:29 AM:689,0.3949268,1.035676,-0.07238454,15.93013,233.6081,16.7025,LeftController
2/22/2017 11:46:29 AM:722,0.3942105,1.036825,-0.07083819,15.75092,234.0848,16.84841,LeftController
2/22/2017 11:46:29 AM:756,0.3932159,1.0383,-0.06951865,15.42255,234.7865,17.0429,LeftController
2/22/2017 11:46:29 AM:789,0.3884276,1.038099,-0.06591889,15.29758,233.5755,17.42102,LeftController
2/22/2017 11:46:29 AM:823,0.3913293,1.040793,-0.06607109,14.74259,236.4777,17.39792,LeftController
2/22/2017 11:46:29 AM:856,0.3905058,1.041966,-0.06436568,14.3545,237.4652,17.37122,LeftController
2/22/2017 11:46:29 AM:890,0.3861924,1.041512,-0.06055532,14.21348,236.4642,17.42687,LeftController
2/22/2017 11:46:29 AM:930,0.3855285,1.041568,-0.05838185,13.88877,237.6501,17.40075,LeftController
2/22/2017 11:46:29 AM:969,0.3851876,1.0412,-0.05493812,13.67961,239.2554,17.72841,LeftController
2/22/2017 11:46:30 AM:28,0.3927926,1.041529,-0.05250457,13.35416,245.3998,17.87599,LeftController
2/22/2017 11:46:30 AM:78,0.3905264,1.038041,-0.04597713,13.87739,244.4868,17.57635,LeftController
2/22/2017 11:46:30 AM:113,0.3887967,1.035542,-0.04070555,14.20025,243.3343,17.56539,LeftController
2/22/2017 11:46:30 AM:145,0.3916867,1.035051,-0.03720775,14.21464,244.0807,17.4252,LeftController
2/22/2017 11:46:30 AM:179,0.3988984,1.036184,-0.03582489,13.97196,246.6557,17.17571,LeftController
2/22/2017 11:46:30 AM:212,0.4033661,1.036077,-0.03275621,13.8595,247.1847,17.1895,LeftController
2/22/2017 11:46:30 AM:261,0.4091171,1.03525,-0.03078266,13.88438,247.5381,17.45129,LeftController
2/22/2017 11:46:30 AM:302,0.4178551,1.030352,-0.02743026,14.48978,245.594,17.7788,LeftController
2/22/2017 11:46:30 AM:361,0.4423004,1.02683,-0.03196919,15.37608,248.5647,16.12217,LeftController
2/22/2017 11:46:30 AM:424,0.4583412,1.020702,-0.03496372,16.87192,246.8788,15.14224,LeftController
2/22/2017 11:46:30 AM:457,0.4648257,1.015186,-0.03535138,17.95617,243.7664,14.55677,LeftController
2/22/2017 11:46:30 AM:491,0.4747141,1.010689,-0.03776554,18.91551,242.5218,13.65871,LeftController
2/22/2017 11:46:30 AM:528,0.4838864,1.005214,-0.03960422,19.95479,241.3424,12.82357,LeftController
2/22/2017 11:46:30 AM:561,0.4928445,0.9996324,-0.04166432,21.07799,240.1051,12.0679,LeftController
2/22/2017 11:46:30 AM:591,0.5014247,0.9947428,-0.04342107,22.06653,238.9064,11.23793,LeftController
2/22/2017 11:46:30 AM:625,0.5091284,0.990483,-0.04491173,22.90303,237.8113,10.46908,LeftController
2/22/2017 11:46:30 AM:659,0.516966,0.9856827,-0.0460982,23.64216,236.6726,9.935715,LeftController
2/22/2017 11:46:30 AM:692,0.5244501,0.9808583,-0.04710923,24.48042,235.6557,9.549623,LeftController
2/22/2017 11:46:30 AM:726,0.531086,0.9764418,-0.04756378,25.27517,234.8243,9.137651,LeftController
2/22/2017 11:46:30 AM:759,0.5369923,0.972084,-0.04737451,26.01003,234.1138,8.632128,LeftController
2/22/2017 11:46:30 AM:793,0.5420192,0.9684917,-0.04727462,26.72661,233.54,8.361588,LeftController
2/22/2017 11:46:30 AM:827,0.5461634,0.9657091,-0.04723614,27.39766,233.0937,8.347313,LeftController
2/22/2017 11:46:30 AM:860,0.5494913,0.9644963,-0.04752087,27.76178,232.8713,8.7109,LeftController
2/22/2017 11:46:30 AM:893,0.5518357,0.9646221,-0.04757705,27.83172,232.7578,8.850772,LeftController
2/22/2017 11:46:30 AM:927,0.5533056,0.96547,-0.04808766,27.69572,232.7971,8.924331,LeftController
2/22/2017 11:46:30 AM:961,0.5543249,0.9664363,-0.04896173,27.5358,232.8771,9.034379,LeftController
2/22/2017 11:46:30 AM:996,0.5545743,0.9675975,-0.04964728,27.29465,233.1444,9.349509,LeftController
2/22/2017 11:46:31 AM:41,0.5538983,0.9694598,-0.05075482,26.72834,233.7157,9.68615,LeftController
2/22/2017 11:46:31 AM:101,0.5569323,0.9733124,-0.05547857,25.64917,236.1629,10.16435,LeftController
2/22/2017 11:46:31 AM:182,0.5514374,0.9734278,-0.05364529,25.02657,235.1808,11.32137,LeftController
2/22/2017 11:46:31 AM:232,0.5545889,0.9725795,-0.0506451,24.39336,239.0719,12.69353,LeftController
2/22/2017 11:46:31 AM:299,0.5558087,0.9672985,-0.04141492,24.87725,241.6228,14.23348,LeftController
2/22/2017 11:46:31 AM:352,0.55459,0.9626647,-0.03286795,25.44658,241.051,16.24137,LeftController
2/22/2017 11:46:31 AM:385,0.5539925,0.9584703,-0.02703572,26.04844,239.4509,18.21641,LeftController
2/22/2017 11:46:31 AM:421,0.5585439,0.9557121,-0.02398292,26.41874,239.2731,20.65174,LeftController
2/22/2017 11:46:31 AM:456,0.5637032,0.9535627,-0.02079849,26.67833,239.083,22.26568,LeftController
2/22/2017 11:46:31 AM:513,0.5825362,0.9542087,-0.01872817,26.15312,242.1647,25.62789,LeftController
2/22/2017 11:46:31 AM:580,0.5967025,0.9535024,-0.01616494,26.13906,240.6338,33.24466,LeftController
2/22/2017 11:46:31 AM:632,0.6035555,0.95037,-0.01181484,26.49603,237.4698,37.71204,LeftController
2/22/2017 11:46:31 AM:666,0.6122528,0.9477991,-0.009240202,26.74775,236.4556,41.23714,LeftController
2/22/2017 11:46:31 AM:698,0.617923,0.9420295,-0.003129199,27.20961,234.1008,45.1137,LeftController
2/22/2017 11:46:31 AM:754,0.6274764,0.9355291,0.002797432,27.97768,233.9318,48.38342,LeftController
2/22/2017 11:46:31 AM:831,0.6567834,0.9186323,0.02018653,30.38583,236.0887,51.60939,LeftController
2/22/2017 11:46:31 AM:893,0.6866274,0.9049219,0.03859075,31.68689,236.328,50.44607,LeftController
2/22/2017 11:46:31 AM:980,0.7158737,0.8995,0.04977101,33.1536,237.8791,50.31975,LeftController
2/22/2017 11:46:32 AM:59,0.7409236,0.8954523,0.05903978,34.98656,238.0273,49.80687,LeftController
2/22/2017 11:46:32 AM:137,0.7578508,0.8954183,0.06117291,34.90308,236.7063,44.60291,LeftController
2/22/2017 11:46:32 AM:215,0.7639861,0.8987083,0.0606056,33.33045,236.7607,41.02958,LeftController
2/22/2017 11:46:32 AM:293,0.7613463,0.9067869,0.06098903,28.06615,238.5382,29.62104,LeftController
2/22/2017 11:46:32 AM:371,0.7644851,0.9148616,0.0579068,23.748,237.1879,21.09962,LeftController
2/22/2017 11:46:32 AM:450,0.7685155,0.921717,0.05379805,18.65386,236.2488,13.48626,LeftController
2/22/2017 11:46:32 AM:528,0.7706441,0.9177239,0.05159894,16.75666,237.5272,10.40185,LeftController
2/22/2017 11:46:32 AM:662,0.7708258,0.9055514,0.05384798,15.82822,241.0591,6.924129,LeftController
2/22/2017 11:46:32 AM:775,0.7684686,0.8981882,0.06416096,15.97832,245.6674,3.240578,LeftController
2/22/2017 11:46:32 AM:886,0.7669701,0.8939285,0.06355065,17.31566,245.3474,5.215068,LeftController
2/22/2017 11:46:33 AM:35,0.7668433,0.8957347,0.05835903,17.50849,244.0437,7.043383,LeftController
2/22/2017 11:46:33 AM:174,0.7602056,0.9010332,0.0528863,17.79461,241.8582,9.545699,LeftController
2/22/2017 11:46:33 AM:314,0.7389088,0.9366079,0.03741888,12.75959,240.211,11.05802,LeftController
2/22/2017 11:46:33 AM:460,0.6973696,0.9940534,0.02462343,4.311559,242.5627,13.29762,LeftController
2/22/2017 11:46:33 AM:604,0.6455479,1.058908,0.02012004,354.5589,243.7878,16.68856,LeftController
2/22/2017 11:46:33 AM:739,0.5998736,1.116256,0.0402387,346.5598,248.0931,22.4784,LeftController
2/22/2017 11:46:33 AM:872,0.5599807,1.168826,0.07730855,339.2924,255.1006,29.02192,LeftController
2/22/2017 11:46:34 AM:6,0.53004,1.208144,0.1140277,335.3038,259.296,35.31038,LeftController
2/22/2017 11:46:34 AM:141,0.5083967,1.233566,0.1464498,332.7943,261.1188,38.71491,LeftController
2/22/2017 11:46:34 AM:274,0.5018746,1.246888,0.1678989,331.3601,262.5491,41.90047,LeftController
2/22/2017 11:46:34 AM:410,0.4973808,1.246807,0.183766,332.0331,263.5254,42.71194,LeftController
2/22/2017 11:46:34 AM:472,0.5005208,1.247684,0.1892082,333.9266,264.6877,45.40194,LeftController
2/22/2017 11:46:34 AM:520,0.5003744,1.248108,0.1912221,334.0321,264.7835,45.02751,LeftController
2/22/2017 11:46:34 AM:589,0.5050032,1.250574,0.1909136,334.0091,266.7461,44.2836,LeftController
2/22/2017 11:46:34 AM:656,0.5071984,1.250985,0.1905498,334.0178,266.497,43.96684,LeftController
2/22/2017 11:46:34 AM:723,0.5099645,1.248909,0.1901743,334.1883,266.6257,43.60892,LeftController
2/22/2017 11:46:34 AM:807,0.5107935,1.241243,0.1914738,335.1763,267.6728,42.16066,LeftController
2/22/2017 11:46:34 AM:908,0.510793,1.226972,0.1896077,338.3722,267.4085,41.3579,LeftController
2/22/2017 11:46:34 AM:969,0.5106701,1.227941,0.1916422,337.0775,266.4961,42.42626,LeftController
2/22/2017 11:46:35 AM:36,0.514872,1.235898,0.1939821,333.5842,270.5908,32.95415,LeftController
2/22/2017 11:46:35 AM:103,0.5231104,1.251881,0.2151768,320.7029,286.3305,343.8112,LeftController
2/22/2017 11:46:35 AM:210,0.5271183,1.25373,0.2413677,321.0468,311.0504,305.8492,LeftController
2/22/2017 11:46:35 AM:329,0.4887104,1.224968,0.2200453,335.3146,308.2999,305.2433,LeftController
2/22/2017 11:46:35 AM:430,0.4655848,1.206229,0.1935187,340.3113,296.0282,323.097,LeftController
2/22/2017 11:46:35 AM:529,0.4404426,1.188641,0.1726761,346.7021,280.522,356.2199,LeftController
2/22/2017 11:46:35 AM:630,0.4262065,1.191622,0.1457279,347.5723,270.4393,39.49804,LeftController
2/22/2017 11:46:35 AM:717,0.4052899,1.199038,0.1422841,343.9654,266.818,33.35948,LeftController
2/22/2017 11:46:35 AM:817,0.3735404,1.18824,0.1321876,348.8049,267.9649,32.42827,LeftController
2/22/2017 11:46:35 AM:919,0.3320384,1.179553,0.1279389,352.027,269.9808,34.62675,LeftController
2/22/2017 11:46:36 AM:20,0.2825239,1.158204,0.1282361,355.5793,274.7095,32.86728,LeftController
2/22/2017 11:46:36 AM:122,0.2325129,1.129306,0.1121239,0.4805009,272.0878,31.76983,LeftController
2/22/2017 11:46:36 AM:220,0.1845922,1.111516,0.1092805,1.690943,273.622,29.91444,LeftController
2/22/2017 11:46:36 AM:324,0.1471606,1.098408,0.1010931,9.26755,277.3259,27.86066,LeftController
2/22/2017 11:46:36 AM:424,0.1102222,1.08885,0.1018618,5.403503,276.7743,27.68489,LeftController
2/22/2017 11:46:36 AM:520,0.09981773,1.086814,0.1073096,5.491301,272.0466,24.84787,LeftController
2/22/2017 11:46:36 AM:607,0.08276328,1.075532,0.1134868,359.2917,273.2565,20.72123,LeftController
2/22/2017 11:46:36 AM:685,0.07090475,1.072722,0.1196426,354.7545,274.4651,15.09313,LeftController
2/22/2017 11:46:36 AM:765,0.0607362,1.071814,0.1267375,353.3011,276.6003,9.492229,LeftController
2/22/2017 11:46:36 AM:843,0.05216591,1.054716,0.1391131,357.2191,281.409,4.703729,LeftController
2/22/2017 11:46:36 AM:918,0.06337877,1.037569,0.1902059,2.035678,294.8582,56.51552,LeftController
2/22/2017 11:46:36 AM:973,0.07255304,1.043491,0.2083118,0.9663092,296.7438,53.6276,LeftController
2/22/2017 11:46:37 AM:41,0.07562179,1.032457,0.2187809,2.991678,297.7849,47.26897,LeftController
2/22/2017 11:46:37 AM:93,0.07143702,1.007029,0.2217747,7.426755,297.4853,39.42666,LeftController
2/22/2017 11:46:37 AM:131,0.07186691,1.001049,0.2253532,8.653091,297.1862,36.13021,LeftController
2/22/2017 11:46:37 AM:190,0.07700814,1.008149,0.2375262,7.515569,297.4991,36.22847,LeftController
2/22/2017 11:46:37 AM:253,0.07395954,1.004022,0.2411509,8.503113,295.613,34.29515,LeftController
2/22/2017 11:46:37 AM:305,0.06073277,0.9873997,0.2360798,11.90107,289.8228,28.99006,LeftController
2/22/2017 11:46:37 AM:339,0.05518347,0.9873143,0.2371856,12.12482,286.996,28.85536,LeftController
2/22/2017 11:46:37 AM:383,0.0459958,0.9859294,0.2385701,13.28745,282.9569,28.12866,LeftController
2/22/2017 11:46:37 AM:431,0.0373553,1.000945,0.2476553,12.0004,280.4219,32.35851,LeftController
2/22/2017 11:46:37 AM:496,0.02794019,0.9957371,0.249608,14.803,277.1534,28.74907,LeftController
2/22/2017 11:46:37 AM:528,0.02179407,0.9776766,0.2393567,16.45509,275.132,23.71621,LeftController
2/22/2017 11:46:37 AM:562,0.01889339,0.9759556,0.2398913,16.57314,275.0317,23.13782,LeftController
2/22/2017 11:46:37 AM:607,0.0171202,0.9718553,0.2412115,16.95447,275.156,21.78745,LeftController
2/22/2017 11:46:37 AM:666,0.01718501,0.984174,0.2575015,15.36597,274.6686,25.20232,LeftController
2/22/2017 11:46:37 AM:719,0.01766569,0.9662517,0.2445579,16.64992,277.2066,20.87401,LeftController
2/22/2017 11:46:37 AM:752,0.01958126,0.9469992,0.2032792,13.93938,294.4928,26.52723,LeftController
2/22/2017 11:46:37 AM:785,0.02030963,0.9468066,0.2044216,13.9961,294.4994,29.56492,LeftController
2/22/2017 11:46:37 AM:834,0.01789678,0.967062,0.2442628,22.20912,279.9588,28.6517,LeftController
2/22/2017 11:46:37 AM:893,4.616752E-05,0.9405075,0.2676442,12.95727,265.7559,80.24673,LeftController
2/22/2017 11:46:37 AM:959,0.009197939,0.9538184,0.2684622,17.44228,265.1427,86.98219,LeftController
2/22/2017 11:46:38 AM:13,0.02357914,0.9591727,0.2480149,18.20236,270.35,90.45752,LeftController
2/22/2017 11:46:38 AM:57,0.02645478,0.9679154,0.2482156,20.49767,272.3467,94.86826,LeftController
2/22/2017 11:46:38 AM:116,0.03040514,0.9768356,0.2502784,22.16463,276.785,97.46786,LeftController
2/22/2017 11:46:38 AM:183,0.01874473,0.984975,0.2744666,23.34992,279.1634,99.4533,LeftController
2/22/2017 11:46:38 AM:236,0.02735356,0.9851572,0.255761,20.68538,285.736,99.227,LeftController
2/22/2017 11:46:38 AM:282,0.03306622,0.9853269,0.2334671,16.55616,294.5894,98.14146,LeftController
2/22/2017 11:46:38 AM:340,-9.095669E-05,0.9957362,0.2770308,21.6657,284.8279,105.3963,LeftController
2/22/2017 11:46:38 AM:407,-0.008838773,0.9967471,0.2777096,22.44132,285.144,106.6548,LeftController
2/22/2017 11:46:38 AM:457,-7.747859E-05,0.9930356,0.2592686,20.42536,290.2001,105.4376,LeftController
2/22/2017 11:46:38 AM:522,-0.006803755,0.9934566,0.2629939,19.58758,292.8702,104.1388,LeftController
2/22/2017 11:46:38 AM:581,-0.01046741,0.9925903,0.2715598,19.72616,294.2485,103.1185,LeftController
2/22/2017 11:46:38 AM:649,-0.0243823,0.9953816,0.3089629,21.09998,293.1446,102.9177,LeftController
2/22/2017 11:46:38 AM:713,-0.02486367,0.9957992,0.3306956,20.62819,295.4433,101.8626,LeftController
2/22/2017 11:46:38 AM:781,-0.02611775,0.9946978,0.3553036,21.38853,295.8433,96.96226,LeftController
2/22/2017 11:46:38 AM:848,-0.02117557,0.9955497,0.3883824,21.55018,299.4008,92.02219,LeftController
2/22/2017 11:46:38 AM:925,-0.0009782352,1.000582,0.4060081,18.12835,307.0355,86.43171,LeftController
2/22/2017 11:46:38 AM:971,0.00270259,1.004011,0.4318283,17.05086,309.6061,80.9641,LeftController
2/22/2017 11:46:39 AM:37,-0.008316353,1.011161,0.4876188,18.08122,309.5905,77.69179,LeftController
2/22/2017 11:46:39 AM:114,0.01013565,1.001038,0.5045936,17.53508,315.3171,72.05938,LeftController
2/22/2017 11:46:39 AM:165,0.002459094,0.9964311,0.5535547,18.63981,314.3441,71.71601,LeftController
2/22/2017 11:46:39 AM:232,0.03419261,0.9652423,0.5838903,19.5859,315.6623,68.66389,LeftController
2/22/2017 11:46:39 AM:284,0.05326759,0.9554622,0.5754161,19.35859,320.3972,65.19212,LeftController
2/22/2017 11:46:39 AM:316,0.05695998,0.9504941,0.5839788,19.65949,321.3907,64.72661,LeftController
2/22/2017 11:46:39 AM:361,0.06218302,0.9443116,0.5929638,19.77806,322.3999,63.2741,LeftController
2/22/2017 11:46:39 AM:420,0.05820446,0.9390671,0.6249492,20.6844,320.7967,62.41912,LeftController
2/22/2017 11:46:39 AM:472,0.0710976,0.9322516,0.6075727,19.90941,323.0378,60.41449,LeftController
2/22/2017 11:46:39 AM:506,0.07140993,0.9314711,0.610007,19.28768,322.7756,60.64697,LeftController
2/22/2017 11:46:39 AM:539,0.07203244,0.9307078,0.6122734,19.02053,322.9271,60.53166,LeftController
2/22/2017 11:46:39 AM:573,0.07199012,0.9295415,0.6145889,18.68727,322.968,60.33715,LeftController
2/22/2017 11:46:39 AM:608,0.07152163,0.9284959,0.6164963,18.2658,322.9883,59.71795,LeftController
2/22/2017 11:46:39 AM:641,0.06983685,0.9269514,0.6172332,18.13774,322.4973,58.92465,LeftController
2/22/2017 11:46:39 AM:675,0.0680437,0.9245955,0.6174406,18.18243,322.1314,58.36437,LeftController
2/22/2017 11:46:39 AM:708,0.06645381,0.9229363,0.6177232,18.13974,322.0929,58.00761,LeftController
2/22/2017 11:46:39 AM:743,0.06518375,0.9220802,0.6174137,17.98582,321.9767,57.22824,LeftController
2/22/2017 11:46:39 AM:777,0.06356799,0.9214052,0.6167141,17.96397,321.775,56.6496,LeftController
2/22/2017 11:46:39 AM:810,0.06188153,0.9215922,0.6163991,17.82974,321.508,56.26058,LeftController
2/22/2017 11:46:39 AM:843,0.06071042,0.9229577,0.6162323,17.41206,321.382,55.71482,LeftController
2/22/2017 11:46:39 AM:877,0.06034683,0.9246583,0.6165734,16.63266,321.4962,54.75544,LeftController
2/22/2017 11:46:39 AM:911,0.06028771,0.9273976,0.617232,15.90928,321.8315,54.39993,LeftController
2/22/2017 11:46:39 AM:945,0.0605725,0.9296227,0.6180139,15.36776,322.2024,53.91206,LeftController
2/22/2017 11:46:39 AM:979,0.0609256,0.9320483,0.6186848,14.92516,322.559,52.96556,LeftController
2/22/2017 11:46:40 AM:12,0.07506973,0.9327022,0.5975337,14.0178,325.8426,49.06006,LeftController
2/22/2017 11:46:40 AM:59,0.08034712,0.9389073,0.5974754,13.13064,326.4784,46.23648,LeftController
2/22/2017 11:46:40 AM:92,0.09925395,0.9508744,0.5986317,10.69502,329.699,43.4368,LeftController
2/22/2017 11:46:40 AM:148,0.129035,0.9732193,0.6382693,8.874364,331.6362,52.02384,LeftController
2/22/2017 11:46:40 AM:200,0.1881301,0.9779745,0.6097857,5.914161,342.4777,53.25696,LeftController
2/22/2017 11:46:40 AM:235,0.2190819,0.9839784,0.6006727,4.175626,344.8629,56.2041,LeftController
2/22/2017 11:46:40 AM:268,0.2640017,0.9852123,0.5690933,3.590703,350.3915,59.28022,LeftController
2/22/2017 11:46:40 AM:305,0.2995072,0.9925455,0.5578166,0.7397275,353.1335,64.65235,LeftController
2/22/2017 11:46:40 AM:341,0.3395707,1.005494,0.5462054,355.165,356.8732,69.83968,LeftController
2/22/2017 11:46:40 AM:379,0.3762745,1.030214,0.5484132,346.4153,356.6157,81.68812,LeftController
2/22/2017 11:46:40 AM:438,0.4285764,1.057287,0.5451869,336.8401,355.0692,93.04309,LeftController
2/22/2017 11:46:40 AM:491,0.4724289,1.063475,0.5162583,334.964,357.8788,92.19196,LeftController
2/22/2017 11:46:40 AM:524,0.5052364,1.066452,0.4925397,333.5013,0.4193833,92.46226,LeftController
2/22/2017 11:46:40 AM:557,0.5248553,1.066354,0.4935549,334.7086,359.4981,96.96288,LeftController
2/22/2017 11:46:40 AM:590,0.5446463,1.065811,0.4953834,334.955,-0.001582257,97.12521,LeftController
2/22/2017 11:46:40 AM:625,0.5640909,1.06561,0.496377,334.3161,2.198809,94.89408,LeftController
2/22/2017 11:46:40 AM:658,0.5831575,1.065497,0.4984722,334.3971,5.396477,92.67495,LeftController
2/22/2017 11:46:40 AM:691,0.6005525,1.066073,0.5006711,335.0651,7.701454,91.72851,LeftController
2/22/2017 11:46:40 AM:725,0.6114568,1.071257,0.4983234,331.4893,3.511728,84.75946,LeftController
2/22/2017 11:46:40 AM:758,0.621458,1.069832,0.5037071,333.6215,4.483264,90.53348,LeftController
2/22/2017 11:46:40 AM:792,0.6331214,1.070626,0.5078754,335.1342,7.661139,91.26516,LeftController
2/22/2017 11:46:40 AM:826,0.6438453,1.07119,0.5090328,334.5517,8.73138,92.39632,LeftController
2/22/2017 11:46:40 AM:866,0.6439604,1.079321,0.5220704,338.6254,10.4742,100.9677,LeftController
2/22/2017 11:46:40 AM:917,0.658857,1.079326,0.5421507,337.6143,10.76757,105.4618,LeftController
2/22/2017 11:46:40 AM:981,0.6791481,1.074768,0.5446213,337.6823,11.76133,110.7703,LeftController
2/22/2017 11:46:41 AM:13,0.7133588,1.059712,0.5119383,333.9085,18.5042,92.51424,LeftController
2/22/2017 11:46:41 AM:48,0.6980973,1.070076,0.5490633,339.1342,11.03392,116.1723,LeftController
2/22/2017 11:46:41 AM:80,0.7169399,1.064039,0.5327076,341.535,14.38876,116.5934,LeftController
2/22/2017 11:46:41 AM:114,0.724651,1.059699,0.5374483,343.9143,15.00545,118.2977,LeftController
2/22/2017 11:46:41 AM:151,0.7327464,1.056697,0.5433906,346.0291,15.82135,117.7165,LeftController
2/22/2017 11:46:41 AM:182,0.7406195,1.05771,0.5497306,345.7326,19.1378,113.3361,LeftController
2/22/2017 11:46:41 AM:217,0.7856802,1.070889,0.5451427,345.5155,24.43031,111.1793,LeftController
2/22/2017 11:46:41 AM:249,0.791077,1.06919,0.5557411,344.4548,28.24637,113.041,LeftController
2/22/2017 11:46:41 AM:284,0.7893164,1.069626,0.5647231,343.1147,30.29417,115.2392,LeftController
2/22/2017 11:46:41 AM:322,0.7849997,1.07042,0.5736812,340.5816,32.28994,115.3151,LeftController
2/22/2017 11:46:41 AM:359,0.7858224,1.070366,0.5817478,338.87,34.39634,114.7434,LeftController
2/22/2017 11:46:41 AM:402,0.79178,1.068261,0.5919137,337.9774,37.13936,112.8833,LeftController
2/22/2017 11:46:41 AM:461,0.7958835,1.064038,0.6269978,337.5742,38.10559,111.4119,LeftController
2/22/2017 11:46:41 AM:527,0.8127823,1.053992,0.6390334,339.4954,43.0141,107.8994,LeftController
2/22/2017 11:46:41 AM:579,0.836278,1.046205,0.6231561,341.5836,50.85701,105.1716,LeftController
2/22/2017 11:46:41 AM:611,0.8570268,1.032828,0.607847,344.7972,58.01288,86.93946,LeftController
2/22/2017 11:46:41 AM:639,0.8554788,1.040849,0.621707,341.3111,58.74514,103.6558,LeftController
2/22/2017 11:46:41 AM:673,0.8654499,1.038648,0.6182532,340.5778,63.23756,102.4158,LeftController
2/22/2017 11:46:41 AM:707,0.876489,1.036287,0.6127356,339.9017,67.77325,100.6953,LeftController
2/22/2017 11:46:41 AM:741,0.8856019,1.032446,0.6078446,338.9609,72.21495,98.88087,LeftController
2/22/2017 11:46:41 AM:773,0.8970969,1.029618,0.600413,338.4012,75.94331,97.01223,LeftController
2/22/2017 11:46:41 AM:807,0.9089235,1.027635,0.5926487,338.2818,78.63181,95.57571,LeftController
2/22/2017 11:46:41 AM:840,0.9212406,1.026726,0.5837081,338.4315,80.54764,94.5237,LeftController
2/22/2017 11:46:41 AM:874,0.9316176,1.028453,0.5749447,338.0168,82.20156,93.75091,LeftController
2/22/2017 11:46:41 AM:908,0.9405369,1.032104,0.5659333,337.3235,83.40022,93.38565,LeftController
2/22/2017 11:46:41 AM:941,0.9478433,1.037394,0.5567052,336.688,84.3346,93.06041,LeftController
2/22/2017 11:46:41 AM:974,0.9537997,1.042737,0.547244,336.0703,85.37387,92.82952,LeftController
2/22/2017 11:46:42 AM:7,0.9588202,1.047635,0.5378221,335.3859,86.55981,92.8061,LeftController
2/22/2017 11:46:42 AM:41,0.9624609,1.051351,0.5290754,334.8427,87.80963,92.55196,LeftController
2/22/2017 11:46:42 AM:74,0.9654559,1.054863,0.5207489,334.5033,88.97274,91.82048,LeftController
2/22/2017 11:46:42 AM:108,0.9673926,1.057849,0.5132093,334.261,89.73832,91.11831,LeftController
2/22/2017 11:46:42 AM:141,0.9686657,1.060322,0.5072314,333.691,91.27494,90.63979,LeftController
2/22/2017 11:46:42 AM:177,0.9693066,1.061999,0.5028604,333.8837,91.48962,90.85324,LeftController
2/22/2017 11:46:42 AM:210,0.969541,1.062986,0.4992412,334.1198,91.8096,90.9893,LeftController
2/22/2017 11:46:42 AM:243,0.9692712,1.063057,0.4963728,334.2721,92.39384,91.05447,LeftController
2/22/2017 11:46:42 AM:276,0.9691969,1.062996,0.4938056,334.42,93.06688,90.56104,LeftController
2/22/2017 11:46:42 AM:309,0.9688041,1.062292,0.4915624,334.5189,93.81539,89.72619,LeftController
2/22/2017 11:46:42 AM:343,0.9690224,1.061513,0.4898314,334.6041,94.39769,88.65133,LeftController
2/22/2017 11:46:42 AM:377,0.9704971,1.06254,0.4881743,334.9001,94.33811,87.31613,LeftController
2/22/2017 11:46:42 AM:424,0.9717888,1.061336,0.4888538,335.0625,93.33913,87.63956,LeftController
2/22/2017 11:46:42 AM:480,0.9625418,1.063778,0.5109529,333.7918,88.81357,88.60732,LeftController
2/22/2017 11:46:42 AM:533,0.9783336,1.060833,0.4898453,335.8558,89.69486,88.89288,LeftController
2/22/2017 11:46:42 AM:566,0.9801773,1.060686,0.4890701,336.0086,88.59074,88.86911,LeftController
2/22/2017 11:46:42 AM:606,0.9821967,1.060593,0.4878439,336.1299,87.56527,88.95192,LeftController
2/22/2017 11:46:42 AM:639,0.9963629,1.051887,0.4688084,340.6044,89.63696,79.35002,LeftController
2/22/2017 11:46:42 AM:672,0.9990491,1.051429,0.4665338,340.7641,88.8618,79.61802,LeftController
2/22/2017 11:46:42 AM:709,0.9898379,1.059181,0.4810962,336.6318,85.21018,89.85409,LeftController
2/22/2017 11:46:42 AM:751,0.9948103,1.059175,0.4763733,336.9831,84.20617,89.86156,LeftController
2/22/2017 11:46:42 AM:810,0.9900081,1.060911,0.4888605,335.8165,80.45228,90.12907,LeftController
2/22/2017 11:46:42 AM:863,1.00683,1.056726,0.4628114,337.5516,82.73036,90.16511,LeftController
2/22/2017 11:46:42 AM:896,1.022296,1.04811,0.4412975,341.7929,85.53021,79.27963,LeftController
2/22/2017 11:46:42 AM:929,1.026656,1.048371,0.4367521,341.5338,85.52536,78.8828,LeftController
2/22/2017 11:46:42 AM:963,1.031706,1.049277,0.4327886,341.28,85.22814,78.39896,LeftController
2/22/2017 11:46:42 AM:996,1.036919,1.049727,0.4302698,340.9532,84.40582,77.9891,LeftController
2/22/2017 11:46:43 AM:33,1.030343,1.058741,0.4459704,336.3449,80.42301,89.44858,LeftController
2/22/2017 11:46:43 AM:78,1.037879,1.058237,0.4467952,336.661,77.67666,89.22862,LeftController
2/22/2017 11:46:43 AM:134,1.036828,1.059695,0.4733848,336.001,70.48357,90.46019,LeftController
2/22/2017 11:46:43 AM:201,1.048086,1.059264,0.4844718,336.9966,65.91523,91.15469,LeftController
2/22/2017 11:46:43 AM:254,1.065928,1.055043,0.4753684,338.7225,65.74386,90.96656,LeftController
2/22/2017 11:46:43 AM:287,1.08293,1.048017,0.46771,341.195,66.85922,79.57125,LeftController
2/22/2017 11:46:43 AM:321,1.077627,1.054874,0.4953672,338.9516,61.99125,91.0619,LeftController
2/22/2017 11:46:43 AM:357,1.085715,1.055007,0.5064589,338.1097,59.81364,90.28638,LeftController
2/22/2017 11:46:43 AM:399,1.085628,1.057049,0.54466,336.7991,55.23326,90.07225,LeftController
2/22/2017 11:46:43 AM:458,1.10494,1.053464,0.5746128,336.3932,52.13432,87.64763,LeftController
2/22/2017 11:46:43 AM:510,1.131312,1.046493,0.5766273,338.6731,53.3026,85.90746,LeftController
2/22/2017 11:46:43 AM:544,1.143909,1.043173,0.5932207,338.0957,52.70301,87.90702,LeftController
2/22/2017 11:46:43 AM:592,1.160816,1.033618,0.6176929,338.5555,51.90351,88.86987,LeftController
2/22/2017 11:46:43 AM:648,1.176854,1.011961,0.6680704,336.7856,52.36034,85.92953,LeftController
2/22/2017 11:46:43 AM:715,1.212289,0.9792433,0.6949702,338.6442,56.69069,76.18218,LeftController
2/22/2017 11:46:43 AM:767,1.246922,0.9503136,0.6898065,341.446,60.31156,61.99033,LeftController
2/22/2017 11:46:43 AM:801,1.259331,0.9339665,0.7009095,341.5868,59.73116,51.48272,LeftController
2/22/2017 11:46:43 AM:838,1.270353,0.9216495,0.7128168,342.2808,58.92839,46.68161,LeftController
2/22/2017 11:46:43 AM:879,1.284864,0.9052582,0.7313679,345.7551,58.41393,45.06069,LeftController
2/22/2017 11:46:43 AM:938,1.298789,0.8811983,0.7658416,351.4394,58.55917,46.34784,LeftController
2/22/2017 11:46:43 AM:991,1.319264,0.8561893,0.75699,357.4749,58.61179,38.283,LeftController
2/22/2017 11:46:44 AM:24,1.329844,0.842988,0.7595102,1.660975,60.31947,36.15304,LeftController
2/22/2017 11:46:44 AM:58,1.342023,0.8324381,0.7598605,5.468986,62.7144,34.36253,LeftController
2/22/2017 11:46:44 AM:94,1.353538,0.8151407,0.7588407,13.10491,63.37328,14.06931,LeftController
2/22/2017 11:46:44 AM:136,1.379562,0.8159094,0.7528578,10.13357,68.54054,29.72232,LeftController
2/22/2017 11:46:44 AM:197,1.416952,0.8121023,0.7551333,13.4465,76.57702,29.85565,LeftController
2/22/2017 11:46:44 AM:265,1.465492,0.800269,0.7359567,11.10956,81.60763,32.95411,LeftController
2/22/2017 11:46:44 AM:315,1.507123,0.7924725,0.7078583,16.23357,84.90265,26.15953,LeftController
2/22/2017 11:46:44 AM:348,1.534946,0.7843471,0.6994519,20.22665,84.50703,8.374665,LeftController
2/22/2017 11:46:44 AM:381,1.563423,0.7899134,0.6884977,20.5283,87.94716,8.138922,LeftController
2/22/2017 11:46:44 AM:418,1.592451,0.7979772,0.6785879,19.49731,91.4678,8.809941,LeftController
2/22/2017 11:46:44 AM:475,1.650189,0.8340991,0.6931264,3.584359,90.06024,29.01003,LeftController
2/22/2017 11:46:44 AM:541,1.703948,0.8486978,0.7243171,1.909647,83.58559,36.07447,LeftController
2/22/2017 11:46:44 AM:594,1.73243,0.8469013,0.7165619,2.553927,87.29802,29.57779,LeftController
2/22/2017 11:46:44 AM:630,1.754379,0.8452814,0.7308178,6.337698,88.14864,5.957016,LeftController
2/22/2017 11:46:44 AM:664,1.77084,0.84751,0.7373341,6.056077,87.85094,5.214845,LeftController
2/22/2017 11:46:44 AM:720,1.792739,0.8505731,0.7412044,1.853836,86.43018,26.01102,LeftController
2/22/2017 11:46:44 AM:788,1.803856,0.8415776,0.7633237,0.5943097,90.08305,23.51966,LeftController
2/22/2017 11:46:44 AM:839,1.819044,0.8305656,0.7647339,7.796999,89.37714,22.41025,LeftController
2/22/2017 11:46:44 AM:873,1.828008,0.8185357,0.7885133,13.72111,90.44768,5.973037,LeftController
2/22/2017 11:46:44 AM:906,1.834061,0.8129569,0.8030802,17.05939,90.91794,7.889534,LeftController
2/22/2017 11:46:44 AM:939,1.841223,0.8096551,0.8185837,18.96946,90.64846,8.369865,LeftController
2/22/2017 11:46:44 AM:973,1.855346,0.8169808,0.8222678,19.90884,88.07977,9.653205,LeftController
2/22/2017 11:46:45 AM:7,1.867733,0.8159624,0.8412175,21.94577,85.80315,11.54237,LeftController
2/22/2017 11:46:45 AM:40,1.880955,0.8172803,0.8603328,23.46962,83.44315,13.3661,LeftController
2/22/2017 11:46:45 AM:74,1.894369,0.8201662,0.876072,24.42026,82.96471,13.32343,LeftController
2/22/2017 11:46:45 AM:111,1.905448,0.8229337,0.886682,25.3162,86.90169,13.17044,LeftController
2/22/2017 11:46:45 AM:153,1.929342,0.8378507,0.8961522,26.04185,83.10387,8.845071,LeftController
2/22/2017 11:46:45 AM:212,1.954978,0.8412092,0.9000756,30.00449,91.79424,9.825578,LeftController
2/22/2017 11:46:45 AM:265,1.967156,0.8370074,0.9044283,33.14963,96.53846,11.84216,LeftController
2/22/2017 11:46:45 AM:302,1.947791,0.8505086,0.8901823,34.65447,65.81918,350.1466,LeftController
2/22/2017 11:46:45 AM:357,1.990722,0.8939903,0.9107127,49.00762,92.76661,328.8519,LeftController
2/22/2017 11:46:45 AM:424,2.023191,0.8445705,0.9036169,69.66396,136.9996,18.08813,LeftController
2/22/2017 11:46:45 AM:476,2.063359,0.8526838,0.8971807,76.02399,259.8315,124.7187,LeftController
2/22/2017 11:46:45 AM:509,2.091812,0.8480052,0.8698466,52.35351,140.3806,32.05334,LeftController
2/22/2017 11:46:45 AM:543,2.109291,0.8393902,0.8268178,54.51371,127.7335,29.50678,LeftController
2/22/2017 11:46:45 AM:577,2.095313,0.8394332,0.8272648,57.01991,116.9364,42.95041,LeftController
2/22/2017 11:46:45 AM:614,2.091219,0.8359755,0.8188012,62.44434,108.8283,49.36744,LeftController
2/22/2017 11:46:45 AM:655,2.092112,0.8326158,0.8128348,73.72573,123.7262,57.09321,LeftController
2/22/2017 11:46:45 AM:715,2.171365,0.8433881,0.7592047,70.01054,125.6716,54.02597,LeftController
2/22/2017 11:46:45 AM:767,2.109713,0.8308305,0.8026181,69.29775,121.9854,40.85222,LeftController
2/22/2017 11:46:45 AM:800,2.113486,0.8310269,0.796533,65.55924,122.567,39.31517,LeftController
2/22/2017 11:46:45 AM:833,2.119155,0.8328767,0.79058,65.85085,121.5726,35.34628,LeftController
2/22/2017 11:46:45 AM:867,2.125266,0.8351271,0.7870779,65.95202,118.5357,31.96841,LeftController
2/22/2017 11:46:45 AM:907,2.130793,0.837313,0.7866892,66.76365,113.9279,27.31392,LeftController
2/22/2017 11:46:45 AM:946,2.137883,0.8402508,0.7880232,67.33047,109.3756,22.40229,LeftController
2/22/2017 11:46:46 AM:5,2.210286,0.8593479,0.7367805,70.34581,111.6042,31.5344,LeftController
2/22/2017 11:46:46 AM:57,2.153445,0.8464857,0.7846506,70.17056,102.7295,21.23574,LeftController
2/22/2017 11:46:46 AM:94,2.088765,0.8354089,0.8329315,69.02556,94.65538,10.74644,LeftController
2/22/2017 11:46:46 AM:136,2.157789,0.8526399,0.7807086,70.64552,96.65012,17.14038,LeftController
2/22/2017 11:46:46 AM:195,2.227991,0.8697261,0.729044,73.26262,100.3697,24.94241,LeftController
2/22/2017 11:46:46 AM:247,2.165259,0.8576363,0.7772334,72.38917,93.46011,13.68902,LeftController
2/22/2017 11:46:46 AM:280,2.170943,0.8585083,0.7746538,72.23949,94.21749,13.09906,LeftController
2/22/2017 11:46:46 AM:325,2.17941,0.8594772,0.7708225,71.67926,96.52522,13.27069,LeftController
2/22/2017 11:46:46 AM:385,2.258533,0.8759643,0.7157378,71.64841,104.8337,23.11527,LeftController
2/22/2017 11:46:46 AM:437,2.20071,0.8643194,0.7613009,69.56438,100.0179,14.51469,LeftController
2/22/2017 11:46:46 AM:470,2.140384,0.8526051,0.8077669,67.39324,96.22868,7.423489,LeftController
2/22/2017 11:46:46 AM:504,2.145217,0.8534107,0.8054208,66.6127,95.97209,7.959354,LeftController
2/22/2017 11:46:46 AM:537,2.148771,0.8541224,0.802484,66.0053,95.44366,8.668442,LeftController
2/22/2017 11:46:46 AM:573,2.152951,0.8547498,0.7997928,65.39452,94.77005,9.490306,LeftController
2/22/2017 11:46:46 AM:608,2.156305,0.855258,0.7971587,65.02144,93.73112,10.14584,LeftController
2/22/2017 11:46:46 AM:664,2.296213,0.8829012,0.6933919,65.66689,98.4318,23.90891,LeftController
2/22/2017 11:46:46 AM:730,2.298584,0.8837043,0.689842,64.60135,98.86392,23.52627,LeftController
2/22/2017 11:46:46 AM:784,2.231725,0.8706833,0.7384171,63.95179,96.06706,17.5684,LeftController
2/22/2017 11:46:46 AM:821,2.231656,0.8713016,0.7366692,63.96974,96.63783,18.0078,LeftController
2/22/2017 11:46:46 AM:876,2.301405,0.8846339,0.6832131,64.73946,100.654,24.58421,LeftController
2/22/2017 11:46:46 AM:943,2.303131,0.8849397,0.6818887,64.5339,101.5307,24.30974,LeftController
2/22/2017 11:46:46 AM:995,2.235785,0.8728984,0.7310216,63.26484,99.08672,17.75256,LeftController
2/22/2017 11:46:47 AM:29,2.168188,0.8602484,0.7806876,62.07309,96.7011,11.53165,LeftController
2/22/2017 11:46:47 AM:66,2.23505,0.8746104,0.7320122,63.15509,98.58524,17.08005,LeftController
2/22/2017 11:46:47 AM:123,2.300227,0.8895105,0.6831594,64.28584,100.4745,22.83834,LeftController
2/22/2017 11:46:47 AM:189,2.283304,0.8972305,0.6844645,63.12244,68.18271,6.298032,LeftController
2/22/2017 11:46:47 AM:241,2.230649,0.8779144,0.7325222,63.07613,97.56884,17.0538,LeftController
2/22/2017 11:46:47 AM:274,2.162182,0.8647074,0.781013,61.94781,95.71571,11.49909,LeftController
2/22/2017 11:46:47 AM:307,2.16087,0.8650136,0.7799064,61.95995,96.03934,11.61246,LeftController
2/22/2017 11:46:47 AM:341,2.161545,0.8643711,0.7793386,61.90854,96.45266,11.70393,LeftController
2/22/2017 11:46:47 AM:378,2.228638,0.8775328,0.7290475,62.89865,98.67982,17.39958,LeftController
2/22/2017 11:46:47 AM:412,2.227062,0.8771673,0.7282778,62.87621,98.71866,17.42745,LeftController
2/22/2017 11:46:47 AM:467,2.297584,0.8896159,0.6798247,63.89809,101.0175,23.61112,LeftController
2/22/2017 11:46:47 AM:534,2.301659,0.8891536,0.680261,63.88623,100.9233,23.75078,LeftController
2/22/2017 11:46:47 AM:587,2.235804,0.8752285,0.729201,62.85599,98.62643,17.85952,LeftController
2/22/2017 11:46:47 AM:621,2.237864,0.8747662,0.7295433,62.77395,98.57884,17.82942,LeftController
2/22/2017 11:46:47 AM:656,2.241352,0.8734904,0.7297971,62.72273,98.73031,17.95646,LeftController
2/22/2017 11:46:47 AM:694,2.173266,0.8602036,0.7786896,61.67291,96.86035,12.45099,LeftController
2/22/2017 11:46:47 AM:747,2.331717,0.8764324,0.6832834,63.60529,101.027,23.63853,LeftController
2/22/2017 11:46:47 AM:814,2.341023,0.87342,0.686563,63.68105,101.3372,23.84735,LeftController
2/22/2017 11:46:47 AM:868,2.275278,0.8597813,0.736057,62.80914,99.26394,18.16054,LeftController
